cues,p_1,p_2,p_3,p_4,p_5,p_6,p_7,p_8,p_9,p_10,p_11,p_12,p_13,p_14,p_15,p_16,p_17,p_18,p_19,p_20,p_21,p_22,p_23,p_24,p_25,p_26,p_27,p_28,p_29,p_30,p_31,p_32,p_33,p_34,p_35,p_36,p_37,p_38,p_39,p_40,p_41,p_42,p_43,p_44,p_45,p_46,p_47,p_48,p_49,p_50,p_51,p_52,p_53,p_54,p_55,p_56,p_57,p_58,p_59,p_60,p_61,p_62,p_63,p_64,p_65,p_66,p_67
machine,mécanique,équiper,maintenance,tourner,système,manipulation,automatique,fabrication,exécuter,installer,simple,installer,maintenance,utiliser,capable,utiliser,composant,procédé,tourner,électrique,fonctionner,maintenance,fabrication,pc,serveur,système,tourner,équiper,configuration,tourner,mécanique,configuration,procédé,configuration,exécuter,équiper,composant,fabriquer,fonctionner,configuration,exécuter,matériel,capable,manipulation,exécuter,serveur,composant,système,tourner,tâche,serveur,maintenance,capable,tourner,matériel,électrique,tourner,capable,concevoir,fabrication,installer,électrique,utiliser,composant,procédé,concevoir,automatique
machine,même,équiper,serveur,suffire,connaissance,différent,faciliter,matériaux,système,fonctionnalité,même,rentrer,performance,est-à-dire,faire,devoir,méthode,être,fameux,comporter,nécessaire,permettre,développer,fichier,système,rapide,vrai,double,standard,sembler,communication,configuration,prévoir,installation,déterminer,existant,baser,exister,facilement,être,exécution,baser,essayer,généralement,mise,serveur,paramètre,application,contenter,fonctionnalité,suffire,maintenance,envisager,essayer,destiner,matériel,surtout,seul,parfaitement,moyens,absolument,logiciel,utiliser,solution,obliger,suffisamment,interface
rapport,constat,perspective,loi,analyser,évaluation,national,établir,enquête,rendre,synthèse,présenter,synthèse,constat,loi,national,évaluation,examiner,évaluation,sénat,national,comptes,constat,établir,analyser,recommandation,bilan,rendre,perspective,national,analyser,souligner,assemblée,adopter,comptes,relative,souligner,établir,national,national,établir,synthèse,perspective,rendre,adopter,enquête,présenter,présenter,national,constat,enquête,assemblée,national,national,recommandation,adopter,perspective,recommandation,sénat,perspective,analyser,concernant,comptes,assemblée,recommandation,perspective,adopter,assemblée
rapport,démarche,contribuer,national,structure,suivant,objectif,prévoir,amener,établir,introduction,largement,comporter,manière,citoyen,président,technique,devoir,viser,public,formuler,décision,susceptible,convenir,institutionnel,dispositif,outre,passer,avenir,national,agir,envisager,présider,constitution,être,disposition,implication,faire,national,attendre,soumettre,élaboration,mise,venir,adopter,expliquer,évidemment,membre,conseil,mener,permettre,élus,fixer,délégué,spécifique,élection,innovation,définir,parlementaire,priorité,analyse,décision,contrôler,comité,donner,contexte,législatif,délégation
genre,simplement,simplement,faire,classique,simplement,essayer,bref,juste,évidemment,essayer,préférer,même,faire,rien,préférer,même,justement,ressembler,forcément,absolument,vrai,classique,préférer,justement,voilà,ressembler,dire,plaire,même,justement,justement,juste,même,absolument,truc,rien,faire,plaire,plaire,forcément,pareil,imaginer,préférer,surtout,pareil,plaire,truc,bref,même,penser,juste,même,bref,rien,préférer,juste,truc,surtout,plaire,même,ressembler,vrai,classique,ressembler,bref,simplement,truc
genre,simplement,façon,finir,classique,même,être,pareil,espérer,vouloir,pareil,avouer,penser,falloir,voilà,sûr,vouloir,arriver,voir,sembler,croire,douter,classique,penser,parler,passer,commencer,dire,plaire,imaginer,avoir,venir,aller,eh,absolument,finir,commencer,devoir,contenter,réellement,avouer,évidemment,même,forcément,voilà,effectivement,avouer,parler,justement,aller,voilà,même,vouloir,contenter,heureusement,voilà,entendre,surtout,douter,justement,falloir,exactement,longtemps,vouloir,sembler,venir,parler,avouer
jardin,calme,visiter,village,coin,vert,parking,accueillir,agréable,château,coin,vert,entourer,magnifique,magnifique,décoration,accueillir,calme,piscine,entourer,accueillir,village,château,cuisine,étage,entourer,m²,petit,m²,magnifique,parking,visiter,m²,visiter,cuisine,fleur,fleur,parking,appartement,accueillir,décoration,décoration,étage,accueillir,magnifique,cuisine,appartement,fleur,appartement,parc,cuisine,magnifique,m²,château,vert,aménager,calme,petit,village,coin,visiter,beau,beau,château,château,parking,aménager,village
jardin,bain,complet,demander,parking,longtemps,traverser,outre,commencer,facilement,agréable,étendre,particulièrement,remarquable,magnifique,vieux,encourager,présenter,restaurer,plein,privilégier,bon,vivre,excellent,étage,situer,équiper,même,voilà,finalement,vaste,massif,accueillir,nombreux,avouer,pur,sec,concevoir,capitale,devoir,panneau,concertation,actuellement,résidence,ressembler,traditionnel,emplacement,oiseau,ambiance,parc,kilomètre,endroit,entièrement,découvrir,bleu,aménager,truc,essayer,coin,chambre,ambiance,beau,bois,construire,fameux,chambre,location,capitale
rayon,soleil,vendeur,clientèle,mesurer,soleil,plein,axe,clientèle,parallèle,mesurer,éloigner,hauteur,distribution,distribution,éloigner,éloigner,vitesse,point,enseigne,plein,cercle,parallèle,vente,calculer,point,enseigne,surface,axe,distribution,onde,soleil,point,soleil,longueur,distribution,mesurer,vitesse,onde,calculer,onde,vente,axe,clientèle,surface,vendeur,axe,vendeur,point,éloigner,axe,vente,tracer,surface,vitesse,éloigner,distance,calculer,distance,surface,point,distance,clientèle,ombre,soleil,tracer,plein,hauteur
rayon,imaginer,acheter,stratégie,voire,vouloir,avoir,consister,qualité,rapprocher,mesurer,éloigner,hauteur,logistique,performant,est-à-dire,mètre,seconde,être,marketing,aller,falloir,possible,marketing,constant,rien,développement,autre,approche,commande,fréquence,beau,passer,contenter,maximal,distribution,constituer,marche,onde,significatif,manière,réception,existant,clientèle,généralement,achat,étudier,coût,soit,simplement,axe,industrie,trace,terre,onde,donner,différent,manière,possible,murs,faire,possible,traverser,silence,soleil,illustrer,chose,est-à-dire
colline,kilomètre,vallée,situer,forêt,kilomètre,temple,temple,temple,endroit,château,traverser,sommet,magnifique,village,apercevoir,sommet,pied,apercevoir,entourer,vieux,lac,montagne,endroit,entourer,entourer,lac,vieux,traverser,immense,lac,ouest,sommet,immense,vieux,ouest,temple,situer,situer,rivière,sommet,apercevoir,rivière,ouest,endroit,lac,paysage,pied,lac,forêt,vallée,pied,rivière,endroit,château,pied,paysage,traverser,temple,rivière,sommet,vaste,temple,immense,temple,ouest,plateau,vieux
colline,plage,capitale,nord,parc,manquer,régner,temple,place,m²,monument,sembler,parcourir,rivière,surprendre,découvrir,nature,sembler,venir,locaux,monter,étonner,monter,rentrer,être,coeur,découverte,vieux,départ,donner,dominer,île,arriver,immense,finir,forêt,siècle,marquer,quitter,partir,contenter,proche,route,paysage,juste,passer,proximité,pied,proximité,kilomètre,faire,voir,nombreux,magnifique,massif,sud,arrivée,emprunter,hauteur,passage,superbe,vieux,nord,paysage,parc,descendre,piste,château
chien,tres,dormir,dangereux,habitude,croiser,tres,abandonner,cheval,cheval,oreille,tres,adorer,oreille,calme,dangereux,animal,habiter,calme,bébé,manger,bonjour,habitude,chercher,calme,calme,cheval,chercher,sac,oreille,dangereux,chercher,petit,chercher,habiter,cheval,dormir,bonjour,croiser,cheval,adorer,cheval,animal,dangereux,calme,amuser,oreille,garder,garder,abandonner,chercher,habiter,habitude,calme,tres,calme,chat,manger,garder,bonjour,tres,manger,oreille,abandonner,chercher,bébé,croiser,habiter
chien,merci,dire,sembler,vrai,arriver,juste,décider,dire,passer,pareil,super,lol,manquer,faire,législation,souffrance,falloir,pareil,contenter,dire,adorer,finalement,arriver,calme,calme,contenter,évidemment,gros,adorer,dangereux,juste,avoir,justement,habiter,heureusement,marcher,finir,dos,sympa,super,juste,alimentation,sembler,penser,pareil,heureusement,surtout,attendre,essayer,manquer,chose,mauvais,sauvage,parfaitement,vivre,tres,vrai,penser,garder,plaire,chose,avouer,rester,chose,naître,évidemment,petit
peau,beauté,gras,soigner,sensation,gras,bouche,éliminer,doigt,essentiel,parfait,parfaitement,parfaitement,sec,recouvrir,parfait,gras,tissu,yeux,laver,recouvrir,parfaitement,tissu,soigner,tissu,éliminer,sensation,gras,parfaitement,beauté,tissu,parfait,gras,soigner,doux,soin,soigner,crème,sec,parfait,bouche,sensible,beauté,éliminer,huile,sensible,bouche,parfait,soigner,essentiel,parfaitement,sensation,nourrir,doux,doigt,corps,parfaitement,parfait,sensation,essentiel,recouvrir,corps,doigt,cheveux,sensation,parfait,parfait,beauté
peau,faire,particulièrement,soigner,chose,seul,bouche,sembler,rien,mener,confort,connaître,endroit,chaud,sucre,sembler,femme,permettre,adorer,faire,recouvrir,efficace,coeur,médecin,tomber,seul,vouloir,difficile,totalement,obliger,face,surtout,aliment,précieux,froid,scientifique,soigner,pomme,beurre,seul,peur,naturel,aspect,apparaître,servir,légèrement,aller,autre,oser,accroître,absolument,bout,naturellement,soupe,vouloir,convenir,surtout,suffisamment,pur,lui-même,juste,croire,forcément,recouvrir,justement,faire,facile,sorte
mur,entourer,dessus,endroit,angle,construire,apercevoir,mètre,casser,construire,trou,plafond,monter,plafond,porte,entourer,casser,monter,tomber,trou,pied,apercevoir,sol,pierre,plafond,angle,entourer,dessus,angle,mètre,chute,plafond,trou,angle,monter,bloc,apercevoir,côté,pied,casser,angle,côté,apercevoir,apercevoir,pierre,casser,mètre,tomber,monter,sol,panneau,extérieur,hauteur,sol,entourer,sol,endroit,pied,chute,panneau,hauteur,tomber,pied,face,endroit,casser,pied,mètre
mur,juste,sortir,monter,venir,permettre,rien,rue,falloir,construire,neige,dépasser,pire,réalisation,voilà,entourer,pareil,croire,contenter,complètement,apercevoir,passer,ressembler,frédéric,fixer,angle,contenter,voilà,remarquer,résidence,évidemment,point,juste,piste,reprendre,trou,apercevoir,faire,descendre,casser,porte,tourner,forcément,apercevoir,franchir,pouvoir,mètre,finir,longueur,falloir,panneau,autre,profondeur,jeter,attendre,couvrir,passer,bout,sembler,face,prendre,malheureusement,venir,abord,venir,énorme,marcher,pied
science,recherche,faculté,humain,psychologie,mathématique,universitaire,psychologie,biologie,scientifique,sociologie,physique,master,géographie,laboratoire,enseignement,université,enseigner,recherche,recherche,géographie,master,discipline,histoire,chercheur,discipline,université,recherche,recherche,colloque,professeur,enseigner,recherche,universitaire,laboratoire,psychologie,recherche,humain,faculté,colloque,histoire,sociologie,histoire,histoire,psychologie,psychologie,professeur,professeur,chimie,biologie,histoire,enseignement,psychologie,géographie,faculté,sciences,professeur,physique,master,professeur,recherche,université,institut,histoire,universitaire,laboratoire,mathématique,professeur
science,ingénierie,biologie,vivant,géographie,approche,formation,psychologie,gestion,acquérir,confronter,méthode,acquérir,séminaire,industriel,confronter,universitaire,humain,problématique,public,collaboration,professeur,pédagogique,approfondir,élève,hypothèse,fondamental,expérimental,travers,perspective,théorique,enjeu,commission,élémentaire,thématique,réfléchir,technologie,introduction,docteur,contribuer,perspective,sociologie,enseignement,fondamental,supposer,étudier,éducatif,biologie,matériaux,faculté,organiser,pratique,théorique,géographique,contexte,thèse,littérature,expérimental,master,collège,présenter,établissement,approche,agir,colloque,collaboration,développer,universitaire
enfant,an,mère,adulte,garde,vivre,garder,loisir,naissance,âgé,adolescent,vivre,vivre,garder,garçon,naissance,naissance,vivre,mère,âge,vivre,éducatif,garder,garçon,garde,garde,an,école,naissance,école,adolescent,jeune,vivre,bébé,école,loisir,garde,garde,âge,enfance,vivre,an,familial,garde,garde,adolescent,adolescent,jeune,bébé,bébé,vivre,adolescent,fille,éducatif,fille,vivre,loisir,loisir,vivre,maman,loisir,âge,maman,père,éducatif,an,loisir,garder
enfant,aller,faire,femme,vie,parler,garder,approche,voiler,familial,vie,retrouver,pendant,prendre,poursuivre,trouver,savoir,femme,accueillir,retraite,finir,accueil,aider,femme,adulte,bonjour,vivre,académie,passer,loisir,âge,falloir,imaginer,bébé,loisir,devenir,apprentissage,avoir,soeur,été,père,an,âgé,familial,an,atelier,handicaper,jeune,mourir,plaisir,longtemps,insertion,conte,accueil,demi,sûr,favoriser,artistique,fille,scolaire,service,âge,famille,noël,éducatif,allocation,accueillir,vrai
lune,instant,plein,yeux,terre,solaire,ressembler,regarder,solaire,ressembler,approcher,instant,beau,étoile,apercevoir,clair,regarder,étoile,beau,approcher,étrange,horizon,clair,nuit,yeux,univers,yeux,clair,solaire,yeux,ressembler,tomber,horizon,regarder,ombre,ombre,yeux,tomber,solaire,plein,univers,étrange,sombre,planète,lever,lever,clair,solaire,étrange,clair,clair,instant,univers,planète,étrange,univers,regarder,planète,satellite,lumière,clair,nuit,étrange,soleil,solaire,clair,plein,apercevoir
lune,obliger,pareil,vouloir,apercevoir,arriver,imaginer,vouloir,solaire,heureusement,surprise,pire,adorer,sombre,chose,clair,manquer,apercevoir,beau,approcher,regard,sembler,clair,passer,yeux,remarquer,oublier,étonner,point,lumière,croire,bras,horizon,étonner,yeux,dire,approcher,heureusement,bâtiment,dire,parler,finalement,remarquer,planète,longtemps,faire,surtout,triste,heureusement,vrai,juste,surtout,ressembler,imaginer,faire,penser,heureusement,consister,imaginer,imaginer,surtout,nuit,étonner,planète,faire,juste,ignorer,attendre
cause,être,perte,mauvais,tel,lier,perte,conséquence,agir,souffrir,provoquer,considérer,évident,entraîner,perte,être,cas,être,effet,empêcher,tel,empêcher,grave,effet,perte,agir,prétendre,raison,empêcher,subir,agir,raison,perte,grave,considérer,pouvoir,raison,lier,circonstance,expliquer,être,agir,prétendre,perte,perte,résulter,cas,subir,tel,souffrir,constater,effet,provoquer,expliquer,résulter,perte,agir,résulter,pouvoir,grave,conséquence,fréquent,expliquer,tel,évident,conséquence,subir,circonstance
cause,donner,évidemment,entraîner,manière,agir,effet,justement,façon,exactement,renforcement,résulter,croire,provoquer,rester,vouloir,avérer,aller,démontrer,chose,donner,comprendre,arriver,évidence,éventuel,est-à-dire,pareil,évidemment,avouer,intervenir,agir,falloir,rester,vouloir,agir,demander,passer,généralement,être,faire,devoir,autre,affirmer,obliger,conséquent,existence,penser,voilà,autre,souffrir,réellement,être,lui-même,rentrer,constituer,façon,résulter,constituer,justement,affecter,agir,subir,simplement,tel,voilà,manière,tenir,nécessité
table,meuble,base,donner,servir,plat,restaurant,autre,manger,main,meuble,main,participant,plat,manger,colonne,base,bar,autre,cuisine,menu,décoration,exemple,meuble,asseoir,inviter,inviter,plat,inviter,repas,hôte,meuble,menu,meuble,index,restaurant,menu,plat,décoration,colonne,hôte,plateau,participant,donner,colonne,cuisine,cuisine,exemple,plateau,exemple,bar,restaurant,asseoir,servir,restaurant,menu,décoration,autre,repas,repas,manger,asseoir,décoration,plateau,cuisine,base,inviter,servir
table,design,différent,prendre,avoir,légume,idéal,falloir,matin,arriver,calme,venir,repas,soupe,arrivée,sélectionner,apparaître,légume,arriver,conférence,rubrique,web,différent,chambre,rentrer,participation,réunion,autre,commencer,autre,jardin,hébergement,juste,artistique,index,grand,cliquer,laisser,restaurer,pouvoir,cuisson,dominer,participant,donner,suivant,équiper,mélanger,remarque,avoir,simplement,soirée,restaurant,bras,dire,plat,accéder,matériel,voilà,salle,situer,juste,lit,bois,inviter,pâte,bénéficier,rencontre,forme
toit,étage,monter,panneau,fenêtre,immeuble,plafond,hauteur,recouvrir,bois,maison,mètre,couverture,fenêtre,apercevoir,endroit,apercevoir,plafond,ciel,hauteur,bois,bâtiment,ciel,extérieur,entourer,mètre,couverture,recouvrir,hauteur,immeuble,ciel,entourer,bâtiment,maison,endroit,fenêtre,mètre,monter,entourer,apercevoir,ciel,couverture,mètre,couvert,fenêtre,couvert,hauteur,couvert,maison,porte,construire,couverture,entourer,immeuble,entourer,habitation,bois,aile,couverture,apercevoir,couvert,aile,fenêtre,apercevoir,immeuble,bâtiment,construire,plafond
toit,accueillir,monter,panneau,remarquer,proximité,pouvoir,casser,reste,longtemps,parfaitement,constituer,couvrir,vieux,descendre,sembler,commencer,bâtir,ciel,longueur,avoir,abord,avoir,façon,rien,pied,permettre,obliger,venir,studio,superbe,appeler,adapter,venir,finalement,changer,caractériser,tourner,témoigner,étrange,ciel,couverture,studio,pouvoir,nécessaire,accueillir,petit,nombreux,côté,retrouver,parking,quartier,vieux,appartement,coeur,terrain,vrai,bisou,large,surprise,couvert,agir,entrer,retrouver,bâtir,collectivité,tel,comporter
jeunesse,animateur,collection,sport,bénévole,sportif,vie,animation,animateur,vie,roman,culturel,livre,associatif,adulte,adulte,populaire,vie,loisir,livre,collection,adulte,ministère,sportif,national,animer,culture,populaire,enfance,livre,populaire,vie,collection,associatif,ministère,roman,animer,ministère,national,collection,national,animateur,animer,loisir,vie,collection,populaire,adulte,roman,collection,adulte,littérature,associatif,vie,national,éducation,conte,littérature,roman,jeune,conte,vie,adulte,vie,conte,éducatif,culturel,sportif
jeunesse,information,culture,particulièrement,possible,culturel,village,partenaire,pratique,familial,poésie,développement,aller,politiques,atelier,organiser,mairie,engagement,dédier,littérature,ouvrage,accueillir,bénévole,débattre,établissement,conférence,français,développement,égalité,sociologie,accueil,vouloir,éditer,contribuer,mener,écriture,regrouper,institutionnel,public,artistique,responsable,organiser,découvrir,direction,avoir,thème,aboutir,réflexion,simplement,éducatif,location,librairie,local,richesse,action,spécificité,naître,littérature,personnage,âgé,auteur,notamment,âge,problématique,importance,locaux,rencontre,spécifique
nord,pays,continent,côte,région,vaste,kilomètre,province,asie,occidental,capitale,afrique,frontière,pays,amérique,traverser,pays,kilomètre,zone,pays,étendre,lille,pays,amérique,pays,province,région,route,vallée,capitale,kilomètre,vallée,est,central,zone,zone,côte,frontière,capitale,amérique,vallée,frontière,asie,est,ville,vallée,capitale,vallée,route,amérique,ville,province,frontière,ville,traverser,zone,asie,kilomètre,zone,vaste,traverser,est,lille,côte,continent,zone,capitale,continent
nord,continent,continent,côte,loire,permettre,premier,strasbourg,est,vaste,vallée,géographie,rejoindre,continent,implanter,être,culturel,sommet,nombreux,particulièrement,implanter,marseille,proche,nation,civilisation,accueillir,association,parcourir,massif,proximité,départ,vaste,évidemment,contexte,tracer,zone,population,franchir,capitale,soutenir,étendre,montagne,problématique,devoir,ville,vallée,lieu,considérable,contenter,urbain,aéroport,entourer,asie,rural,rester,massif,européenne,passer,implantation,sembler,actuellement,couvrir,cedex,franchir,continent,développer,locaux,île
direction,organisation,chef,chef,mener,chef,mener,chef,ministère,coordination,département,confier,délégation,service,responsable,départemental,charger,département,chef,coordonner,mener,département,mission,organisation,représentant,mener,département,confier,charger,représentant,directeur,mener,chef,charger,secrétariat,centre,service,responsable,mener,secrétariat,coordonner,administration,représentant,affaire,délégation,chef,organisation,ministère,coordonner,ministère,ministère,départemental,centre,diriger,confier,inspection,affaire,administration,centre,responsable,charger,représentant,ministère,ministère,charger,coordination,régional,directeur
direction,institution,ministre,président,favoriser,assister,évidemment,élire,assumer,renseignement,bureau,collaboration,présider,stratégie,existant,élus,financier,public,diriger,régional,aboutir,département,suivi,congrès,délégué,promouvoir,centre,initier,administration,délégation,assurer,impliquer,délégation,membre,présider,population,notamment,contact,outre,dispositif,promouvoir,mandat,conseil,déléguer,organisation,condition,élaborer,nommer,réalisation,ministère,confier,coordonner,principalement,adjoint,maire,comité,vice-président,parlement,territoire,diriger,secrétariat,désigner,administration,budget,adjoint,participer,organiser,conseiller
mer,sujet,rivière,magnifique,bord,sujet,sam,calme,maritime,île,sujet,nord,océan,pêche,situer,océan,marin,nord,île,port,océan,bateau,maritime,navire,port,sujet,lun,bateau,poisson,rivière,montagne,mar,situer,sujet,kilomètre,calme,port,navire,sam,lun,côte,kilomètre,lun,maritime,port,sable,lun,situer,île,rivière,situer,rivière,navire,rivière,pêche,magnifique,marin,magnifique,port,pêche,situer,situer,rivière,rivière,magnifique,lun,port,mar
mer,passer,continent,chose,marche,pareil,super,magnifique,maritime,maison,forum,apercevoir,descendre,vallée,nord,nord,endroit,nord,traverser,traverser,indien,large,complet,cap,nord,inscrire,pied,endroit,retrouver,pluie,massif,sable,capitale,vouloir,village,maison,zone,vaste,sam,nov,tonne,proche,sauvage,sécurité,port,manquer,revenir,hôtel,population,kilomètre,entourer,parcourir,tracer,voilà,mètre,bateau,profondeur,magnifique,port,pêche,endroit,occidental,plateau,privilégier,^^,voiler,forêt,bon
objet,permettre,mobilier,autre,cas,accessoire,manière,forme,sorte,sorte,boutique,boutique,concerner,application,permettre,application,concerner,tel,différent,application,concerner,tel,élément,collection,élément,approprier,particulier,autre,tel,définir,particulier,vendeur,mobilier,tel,permettre,sorte,application,type,modèle,tel,type,approprier,type,définir,élément,forme,décoration,vendeur,vendeur,élément,collection,décoration,tel,permettre,type,application,définir,mobilier,décoration,concerner,particulier,collection,accessoire,bienvenue,approprier,particulier,élément,sorte
objet,renforcement,gamme,autres,définir,proposer,même,faciliter,devoir,amener,rien,non,agir,facilement,élément,baser,existant,exister,spécificité,intégrer,correspondre,propre,pertinent,publier,cas,falloir,particulièrement,surtout,même,seul,adapter,falloir,type,permettre,concerner,prendre,préciser,empêcher,objectif,cas,suffire,existant,seulement,exister,préciser,pouvoir,personnaliser,spécifique,particulier,notion,plaisir,voir,supposer,permettre,particulier,déterminer,constituer,façon,fabrication,concerner,préciser,multiple,système,seulement,dispositif,étudier,considérer,croire
appel,proposition,proposition,rejeter,juger,jugement,proposition,décision,administratif,proposition,candidature,juger,instance,instance,solliciter,téléphonique,décision,exécution,recevoir,exécution,retenir,solliciter,recevoir,recevoir,décision,procédure,arrêt,décider,candidature,arrêt,offre,recevoir,solliciter,arrêt,jugement,procédure,exécution,offre,procédure,jugement,procédure,jugement,service,instance,décider,décider,jugement,tribunal,solliciter,appeler,décider,appeler,tribunal,proposition,solliciter,arrêt,candidature,service,cour,exécution,consultation,solliciter,juger,consultation,décision,jugement,recevoir,projet
appel,démocratique,développer,intervenir,être,conclusion,candidature,être,délai,assemblée,dossier,juger,réclamer,fixer,même,président,même,disposition,présenter,reprise,pouvoir,être,retenir,prendre,prévoir,exercer,prononcer,engager,national,circonstance,objectif,transmettre,préciser,souligner,vrai,dossier,recours,cadre,juge,examiner,agir,circonstance,activité,membre,longtemps,espérer,cas,autorité,adresser,préciser,développer,considérer,constitutionnel,conseil,procéder,jugement,seul,usager,rejet,exécuter,consultation,souhaiter,seul,faciliter,justifier,refuser,remplir,privilégier
lutte,prévention,contribuer,priorité,contribuer,mobilisation,politique,politiques,mouvement,politiques,contribuer,moyens,viser,violence,opposer,discrimination,action,violence,renforcer,mobiliser,politiques,action,prévention,nécessité,contribuer,priorité,mouvement,agir,travailleur,renforcement,travailleur,communiste,moyens,communiste,violence,politiques,priorité,priorité,solidarité,viser,mener,opposer,défendre,opposer,défendre,priorité,agir,solidarité,agir,agir,agir,communiste,mobilisation,mobiliser,prévention,renforcement,prévention,mobilisation,mener,renforcement,prévention,renforcement,contribuer,travailleur,nécessité,agir,mobiliser,mobiliser
lutte,individuel,privilégier,enjeu,financer,exprimer,débat,stratégie,mouvement,démarche,vocation,développement,démarche,connaître,justement,débattre,situation,adversaire,concret,existant,priorité,action,protection,conséquence,effort,insister,organisation,façon,renforcer,importance,maintien,masse,implication,socialiste,violence,rapidement,soutien,faciliter,objectif,inciter,préoccupation,opposer,convaincre,-il,convaincre,encourager,agir,initiative,consister,encourager,politique,démocratique,mobilisation,préciser,lier,approprier,intervention,contribuer,soutenir,contexte,nécessité,amélioration,participer,contribuer,renforcement,forme,confronter,contribuer
mari,habiter,raconter,maman,marier,habiter,vivre,habiter,amoureux,avouer,parent,amoureux,maman,parent,raconter,famille,mourir,raconter,maman,fils,couple,avouer,amour,famille,vivre,rentrer,amour,famille,femme,habiter,frère,famille,mariage,parent,famille,quitter,amoureux,raconter,parent,raconter,fils,quitter,famille,amour,fils,famille,amoureux,couple,amoureux,mourir,vivre,famille,aimer,parent,famille,aimer,famille,mariage,mourir,marier,frère,heureux,famille,quitter,rentrer,famille,parent,aimer
mari,commencer,récit,maman,joie,habiter,abandonner,vrai,devenir,attendre,apprendre,sourire,aimer,sentiment,falloir,réussite,vouloir,vrai,voilà,finir,joie,truc,jésus,juste,évidemment,aller,adorer,familial,service,habiter,heureux,naître,jeune,sentir,étayer,connaître,ami,raconter,plaire,falloir,garçon,dire,attendre,avouer,plaisir,joie,amitié,chose,oublier,évidemment,vivre,passion,justement,adolescent,essayer,aller,justement,habiter,quitter,chose,envie,heureux,passion,dire,justement,bon,avoir,superbe
vin,producteur,alcool,château,fruit,vieux,château,vieux,plat,fromage,plat,plaisir,repas,restaurant,bordeaux,plaisir,château,alsace,producteur,bouche,bordeaux,verre,fromage,château,goût,champagne,goût,sec,champagne,repas,goût,producteur,alsace,légume,repas,légume,boire,producteur,plaisir,vieux,bordeaux,café,viande,goût,boire,restaurant,boire,rouge,café,château,fromage,champagne,plaisir,amateur,alsace,goût,restaurant,bordeaux,repas,sec,bordeaux,bouche,goût,plat,amateur,alcool,producteur,café
vin,vêtement,repas,découvrir,repas,essayer,pied,faire,chaud,boire,laver,aller,jeudi,local,fête,petit,journée,ressembler,cinéma,sentir,immense,huile,pain,recette,goût,morceau,heureusement,frais,passage,journée,recouvrir,consommation,nantes,mélanger,jours,aliment,plat,distribution,adorer,faire,grand,pâte,vrai,pain,doux,restaurant,peur,pâte,oeuf,grand,midi,est-à-dire,fan,célèbre,associer,goût,finir,bordeaux,finir,sec,université,oser,lait,bon,traditionnel,sec,consommateur,café
rôle,impliquer,notamment,renforcer,souligner,assurer,essentiel,mécanisme,contexte,évidence,assurer,relation,impliquer,renforcer,véritable,intervenir,facteur,jouer,contribuer,contribuer,contribuer,véritable,contribuer,contribuer,évidence,renforcer,notamment,majeur,évidence,nécessité,véritable,véritable,mécanisme,notamment,action,nécessité,influence,impliquer,souligner,facteur,assurer,mécanisme,insister,évidence,majeur,insister,facteur,influence,impliquer,influence,facteur,contribuer,notamment,influence,assurer,importance,intervenir,influence,influence,contexte,essentiel,notamment,renforcer,influence,évidence,relation,évidence,véritable
rôle,mener,connaître,comporter,souligner,possible,particulièrement,concret,aborder,implication,réalisation,approche,nécessité,stratégie,mobiliser,largement,penser,réalité,largement,autre,intervenir,avoir,adapter,principalement,conséquent,mener,coopération,essentiellement,agir,largement,véritable,agir,permettre,promouvoir,action,améliorer,pouvoir,intervenir,notion,analyse,exigence,particulièrement,préoccupation,caractériser,concret,méthodologie,facteur,entraîner,mobiliser,caractériser,essentiellement,envisager,notamment,clairement,mobilisation,décrire,supposer,influence,permettre,développement,surtout,notamment,nécessité,agir,est-à-dire,particulièrement,évidence,volonté
horizon,ambition,éloigner,privilégier,futur,avenir,éclairer,dégager,ambition,avenir,large,vision,privilégier,large,opportunité,vaste,futur,ciel,regard,poursuivre,réflexion,ciel,éclairer,large,immense,immense,soleil,sembler,regard,vaste,dégager,vision,immense,réflexion,élargir,opportunité,opportunité,pleinement,dégager,poursuivre,rêver,éclairer,ambition,éclairer,vision,perspective,pleinement,vaste,éloigner,vision,vision,éclairer,éloigner,large,réalité,vision,soleil,travers,éclairer,ombre,regard,vision,pleinement,opportunité,soleil,éclairer,immense,poursuivre
horizon,démarche,rester,objectif,donner,avoir,forcément,rapidement,poursuivre,chose,multiple,expliquer,envisager,seulement,contribuer,analyse,préoccupation,beau,tendre,renforcer,insister,longtemps,ciel,relativement,heureusement,extrêmement,noir,évidemment,être,suffisamment,développer,enjeu,vouloir,travers,pleinement,existant,valoriser,clairement,évidemment,jusqu'au,vrai,affirmer,débat,faire,élargir,particulièrement,nécessité,fin,signifier,réfléchir,longtemps,envisager,façon,large,principe,futur,juste,travers,confronter,rien,amener,vision,aspect,extrêmement,dormir,contribuer,profond,enjeu
jambe,lever,courir,douleur,long,corps,corps,cheveux,asseoir,souffrir,sentir,long,côté,cheveux,tomber,sensation,tête,blesser,côté,main,légèrement,courir,sentir,doigt,visage,cheveux,sensation,courir,sensation,courir,côté,marcher,lever,souffrir,coup,corps,bouger,courir,yeux,sensation,tomber,côté,côté,lever,visage,légèrement,long,asseoir,légèrement,courir,yeux,côté,visage,légèrement,cheveux,blesser,bouger,douleur,légèrement,cheveux,souffrir,cheveux,yeux,courir,sensation,long,souffrir,coup
jambe,douter,arrêter,sensation,longtemps,peau,passer,sourire,rentrer,manquer,tendre,autre,voilà,nuit,attendre,sortir,sortir,seul,penser,contenter,dépendre,rentrer,douter,silence,visage,finalement,sorte,chose,oser,pousser,faire,penser,apercevoir,penser,yeux,remarquer,envie,approcher,yeux,sensation,rien,avouer,malheureusement,sentir,apercevoir,dire,chose,finir,juste,parler,rien,exactement,oreille,froid,tenue,juste,avoir,toucher,arriver,ressembler,finir,visage,terminer,jusqu'au,oreille,hauteur,demeurer,chose
page,album,février,septembre,avril,août,juin,mars,avril,janvier,février,juin,juin,rubrique,mai,édition,juin,haut,mai,août,décembre,édition,ami,août,album,cf,texte,haut,juin,mai,novembre,texte,janvier,mars,photo,imprimer,avril,album,janvier,novembre,novembre,écrire,texte,avril,sommaire,novembre,mars,profil,cf,décembre,haut,février,janvier,texte,octobre,album,mai,édition,novembre,photo,sommaire,cf,décembre,octobre,texte,écrire,octobre,texte
page,bravo,février,billet,mar,aucun,jeudi,fin,nov,aucun,jeudi,prochain,lire,rubrique,soir,cf,revue,pendant,suite,matin,mardi,éditeur,même,lundi,samedi,rester,poème,sam,samedi,faire,déc,ligne,soir,jeudi,organiser,imprimer,message,inviter,suite,publié,septembre,lundi,indiquer,rendez-vous,mise,samedi,modifier,document,publication,avril,éditeur,ok,suite,titre,dimanche,lire,inscrit,différent,vendredi,voici,publication,of,mardi,aller,utiliser,même,mars,organiser
fil,lire,recevoir,relier,réponse,flux,connexion,rss,billet,portable,grille,fils,billet,fermer,flux,station,station,lire,relier,antenne,flux,recevoir,connexion,flux,clé,fermer,portable,trackback,relier,recevoir,spécial,connecter,spécial,connecter,flux,aucun,clé,relier,aucun,réponse,spécial,audience,aucun,station,aucun,station,flux,fermer,billet,fils,aucun,audience,commentaire,trackback,réponse,biais,flux,clé,grille,réponse,lire,portable,biais,recevoir,connecter,spécial,biais,clé
fil,merci,mettre,commencer,discussion,utiliser,paramètre,rss,vendredi,aller,utilisation,joli,publié,fermer,façon,parc,chose,janvier,relier,performant,jeudi,avoir,relier,année,mardi,trackback,station,écouter,voire,recevoir,sorte,fichier,être,enregistrer,prochain,tel,mars,falloir,lundi,forcément,suite,février,dernier,même,lire,station,utiliser,espérer,blog,héros,laisser,application,journée,mercredi,faire,sembler,voici,trackback,audience,passer,précédent,possible,biais,juillet,relier,premier,consister,chose
soeur,adorer,prière,raconter,amour,amour,heureux,vivre,amour,quitter,famille,raconter,amitié,heureux,raconter,amitié,adorer,quitter,mère,famille,vivre,mourir,raconter,prière,habiter,adorer,quitter,quitter,aimer,parent,famille,habiter,amitié,adorer,marier,raconter,famille,adorer,naître,maman,adorer,maman,adorer,maman,mourir,prière,amitié,mourir,prière,marie,parent,amitié,amoureux,amour,marier,heureux,aimer,garçon,marier,prière,femme,amour,aimer,amoureux,famille,quitter,heureux,adorer
soeur,ca,église,même,fou,désir,sembler,avouer,magnifique,même,enfant,femme,âme,bonheur,chose,amitié,envie,longtemps,foi,passer,âme,penser,aller,prière,rentrer,longtemps,venir,vie,pareil,maman,trouver,perdre,envie,salut,eglise,juste,penser,ca,naître,plaisir,contenter,maman,imaginer,falloir,tomber,prière,raconter,souffrir,parole,esprit,passer,croire,avouer,coeur,vouloir,dire,taire,fille,avoir,prière,accompagner,merci,vouloir,finalement,juste,vie,amuser,truc
preuve,rapporter,reconnaître,rapporter,existence,prétendre,prétendre,raison,convaincre,douter,sérieux,prétendre,prouver,doute,convaincre,évident,convaincre,affirmer,révéler,démontrer,doute,juger,fonder,évident,rapporter,absence,absence,circonstance,recours,circonstance,doute,reconnaître,fait,fonder,circonstance,affirmer,argument,confirmer,justifier,reconnaître,argument,fonder,fonder,fonder,recours,prétendre,affirmer,rapporter,justifier,recours,douter,fait,requérir,recours,fonder,rapporter,prétendre,raison,convaincre,argument,fonder,convaincre,rapporter,argument,reconnaître,prétendre,affirmer,recours
preuve,pouvoir,agir,exister,entraîner,penser,est-à-dire,ignorer,convaincre,faire,aller,heureusement,seulement,parler,finalement,autre,justement,clairement,prendre,dire,essayer,raison,fonder,aller,exister,considérer,évoquer,circonstance,reconnaître,exiger,sembler,agir,malheureusement,considérer,témoigner,évident,pouvoir,vouloir,formuler,clairement,opposer,version,considérable,sembler,pertinent,pensée,agir,surtout,justifier,recours,chose,hypothèse,définir,fondement,cas,abord,affirmer,ignorer,autre,tel,disposition,aller,attendre,forcément,-ce,raison,convaincre,refus
morceau,oeuf,recouvrir,écouter,album,dessus,reste,cuisson,laisser,-le,beurre,servir,petit,album,petit,minute,minute,recouvrir,plat,recouvrir,écouter,servir,musique,minute,mélanger,chanson,pomme,écouter,oeuf,mélange,laisser,dessus,oeuf,-le,écouter,recouvrir,beurre,album,laisser,guitare,mélange,couper,petit,cuisson,servir,mélange,chanteur,servir,servir,beurre,laisser,minute,album,petit,gros,reste,petit,petit,chanteur,-le,-le,oeuf,laisser,guitare,laisser,-le,cuisson,guitare
morceau,oeuf,même,oser,rentrer,sortir,attendre,blanc,essayer,vouloir,beurre,aller,petit,huile,évident,minute,glace,pâte,légume,four,effectivement,lait,contemporain,sucre,crème,contemporain,four,pareil,oeuf,légume,finalement,seul,beau,oeuf,cd,passer,pâte,sonore,vouloir,studio,répartir,reste,dire,oeuf,autre,huile,adorer,petit,voir,chaud,venir,prendre,rien,essayer,essayer,façon,dire,essayer,audio,commencer,blanc,fromage,attendre,guitare,laisser,malheureusement,cuisson,portrait
gauche,côté,présidentiel,bas,ump,républicain,bayrou,tête,présidentiel,populaire,tête,électeur,républicain,élection,politique,côté,populaire,présidentiel,populaire,côté,rassemblement,populaire,politique,libéral,républicain,électeur,parti,libéral,majorité,élection,bayrou,majorité,militant,politique,républicain,ségolène,politique,communiste,parti,libéral,ump,élection,militant,populaire,côté,législatif,royal,élection,front,élection,ump,tête,bas,majorité,bayrou,politique,bas,élection,tête,front,tête,présidentiel,front,législatif,présidentiel,front,bayrou,politique
gauche,prendre,démocratie,sembler,défendre,voter,électeur,finir,défendre,populaire,voilà,électeur,peuple,élection,campagne,falloir,ump,républicain,gouvernement,contenter,débat,contraindre,refuser,président,républicain,bayrou,concret,débattre,démocratie,démocratique,élection,voter,vote,électoral,démocratie,proposition,nicolas,parlementaire,opposer,volonté,insister,circonscription,président,refuser,sembler,démocratie,socialiste,député,pied,vote,françois,finalement,rien,circonscription,bayrou,circonscription,seulement,parlementaire,finalement,convaincre,perdre,défendre,soldat,réunir,mandat,opposition,défendre,réunir
doigt,dos,sentir,geste,dos,sourire,juste,regarder,lever,face,sourire,dos,coup,sourire,juste,face,yeux,lever,sentir,casser,bout,juste,sourire,geste,bouger,tête,bouger,casser,toucher,sentir,petit,sourire,faire,sentir,oreille,sentir,pareil,pareil,sentir,lever,sourire,yeux,yeux,pied,faire,dessus,dessus,casser,bras,juste,sourire,toucher,bouche,coup,marcher,petit,face,face,dessus,toucher,coup,casser,dessus,geste,face,petit,juste,sentir
doigt,dire,façon,geste,vrai,regarder,évidemment,regarder,lever,seul,tomber,passer,justement,venir,forcément,tomber,surtout,apercevoir,sentir,sembler,côté,arriver,apercevoir,signe,arriver,voir,douter,gros,justement,émotion,sembler,faire,voilà,contenter,forcément,pareil,ignorer,finalement,regarder,essayer,rien,venir,malheureusement,pareil,commencer,étonner,passer,coup,asseoir,même,pareil,frapper,regarder,juste,rien,manquer,apercevoir,regarder,heureusement,penser,tomber,finalement,pouvoir,geste,préférer,petit,vrai,heureusement
garçon,maman,jeune,féminin,parent,petit,amoureux,bébé,habiter,femme,mère,raconter,marier,sourire,bébé,marier,amuser,habiter,féminin,an,amuser,an,amour,habiter,adolescent,bébé,habiter,sourire,âge,raconter,petit,maman,parent,maman,habiter,habiter,fils,an,mère,raconter,amour,habiter,marier,maman,habiter,an,âge,raconter,aimer,marier,féminin,habiter,adolescent,marier,amour,âge,an,jeune,an,âge,frère,petit,sourire,parent,marier,sourire,soeur,amoureux
garçon,amour,connaître,amateur,passer,rien,esprit,essayer,petit,petit,dire,justement,marier,avouer,passer,passer,amuser,penser,naissance,reprendre,heureusement,bébé,amour,chose,collège,finalement,falloir,parler,âgé,rire,avoir,petit,adulte,an,falloir,quitter,chose,fois,falloir,finir,passer,mourir,âme,juste,finalement,adulte,habiter,frère,finir,avoir,rien,seul,naissance,chose,chose,mental,devenir,naître,marier,jeune,habiter,être,sentir,premier,petit,parler,naître,vivre
façon,lui-même,amener,donner,évident,autre,évident,amener,suffisamment,faire,amener,donner,donner,suffisamment,sorte,faire,donner,autre,simplement,simplement,suffisamment,faire,différent,surtout,lui-même,simple,simplement,suffisamment,simplement,donner,consister,propre,suffisamment,évidemment,propre,simple,pouvoir,lui-même,différent,possible,faire,surtout,simplement,propre,évidemment,supposer,voire,suffisamment,amener,possible,supposer,simple,donner,autre,agir,faire,même,propre,supposer,donner,faire,surtout,autre,simplement,faire,sorte,faire,voire
façon,lui-même,rester,venir,rester,possible,avoir,devoir,juste,voilà,amener,seulement,vouloir,effectivement,sorte,heureusement,aller,correspondre,croire,exactement,obliger,prendre,évidence,sembler,évidemment,agir,consister,extrêmement,avouer,noter,empêcher,propre,suffisamment,exactement,propre,difficile,évidemment,lui-même,apparaître,autre,supposer,douter,vrai,non,croire,sembler,pouvoir,suffisamment,vrai,possible,exister,impossible,malheureusement,convenir,seulement,arriver,vrai,différence,est-à-dire,exactement,faire,surtout,cas,effectivement,sembler,exister,heureusement,remarquer
chambre,confort,commerce,commerce,parking,parking,salon,aménager,cuisine,bain,équiper,commerce,confort,salle,cuisine,coin,restaurant,cour,double,coin,maison,restaurant,déjeuner,lit,cuisine,commerce,déjeuner,parking,confort,m²,salon,restaurant,salon,nuit,hôte,déjeuner,salon,parking,salon,nuit,calme,salon,déjeuner,commerce,nuit,hôtel,séjour,confort,aménager,nuit,parking,m²,parking,confort,louer,aménager,nuit,cour,salle,cour,nuit,hôtel,aménager,aménager,séjour,salon,hôtel,séjour
chambre,aménager,commerce,vaste,jardin,loyer,place,rue,cuisine,électricité,proche,artisan,gaz,proximité,beau,être,restaurant,instruction,disposer,habiter,résidence,restaurant,suivant,entièrement,studio,centre,goût,résidence,terrain,studio,réservation,aménager,aller,reprendre,ferme,proximité,exister,parc,commerce,arriver,situer,décoration,matin,magasin,partir,aménager,pratique,parfaitement,confort,reprendre,idéal,immense,pied,grand,agréable,proximité,finir,location,manquer,judiciaire,moderne,entièrement,espace,recette,appartement,calme,océan,séjour
question,réfléchir,pouvoir,-elle,raison,interrogation,demander,problématique,-ce,concernant,-ils,problématique,demander,interroger,-t-on,-ils,débat,-il,interrogation,raison,interroger,concernant,pouvoir,-t-on,-t-il,interrogation,débattre,-on,problématique,-on,réflexion,demander,débattre,-t-on,réfléchir,-ils,-t-elle,pouvoir,demander,débat,répondre,problème,interroger,-t-elle,interrogation,-ce,interrogation,pouvoir,débat,-il,réponse,-ils,-ce,raison,débat,problématique,-ce,aborder,aborder,problématique,-t-elle,-il,demander,réflexion,débat,demander,réfléchir,concernant
question,croire,faire,réellement,raison,sembler,prendre,problématique,-ils,information,montrer,développer,avoir,surtout,seul,-ils,contexte,dire,seulement,avoir,enjeu,pouvoir,douter,surtout,justement,tel,débattre,justement,faciliter,aller,réflexion,aller,vouloir,insister,même,même,imaginer,sembler,raison,largement,falloir,vouloir,avoir,largement,stratégie,falloir,supposer,pouvoir,vote,croire,lui-même,forcément,façon,-t-on,forcément,permettre,être,souligner,clairement,mener,sembler,évidemment,seulement,clairement,démarche,rien,vrai,finalement
acte,justice,préciser,juger,lui-même,définitif,procédure,décès,droit,justifier,accomplir,obligation,autorité,droit,décision,obligation,justifier,procédure,accomplir,accomplir,commettre,autorité,droit,naissance,établir,autorité,relever,justice,commettre,commettre,définitif,lui-même,décision,autorité,registre,obligation,naissance,établir,autorité,agir,jugement,agir,autorité,lui-même,décès,justice,juridique,copie,lui-même,juridique,juridique,autorité,registre,agir,judiciaire,commettre,jugement,établir,lui-même,décision,justifier,ordonnance,copie,procédure,juridique,jugement,décision,lui-même
acte,estimer,seul,circonstance,est-à-dire,juge,procéder,versement,décision,justifier,exister,mesure,abord,personnel,circonstance,préciser,admettre,décret,véritable,favoriser,arrêt,responsabilité,conséquent,vouloir,décision,exiger,exercer,défendre,confirmer,tentative,soumettre,évident,réclamer,développement,être,réglementation,mère,préalable,obligation,indispensable,cour,abord,autorité,comporter,cause,cour,juridique,indication,même,intervenir,disposition,condition,conforme,conséquent,éventuel,tribunal,cour,particulièrement,évidemment,civil,établir,ordonnance,précis,exécution,administratif,clairement,définitif,réellement
rose,adorer,jaune,amour,jardin,beau,jardin,orange,magnifique,beauté,beauté,yeux,beau,doux,jardin,magnifique,aimer,gris,aimer,vert,adorer,blanc,jardin,beauté,noir,fleur,magnifique,noir,bleu,beau,orange,bleu,jaune,vif,petit,vif,blanc,beauté,couleur,amour,amoureux,beauté,beauté,aimer,ressembler,yeux,yeux,aimer,gris,couleur,noir,magnifique,jardin,ressembler,magnifique,beauté,doux,ressembler,ressembler,amour,vif,orange,amoureux,magnifique,orange,amour,amour,magnifique
rose,vouloir,oeuf,adorer,chaud,venir,visiter,opérateur,super,vouloir,croire,ombre,contenter,croire,agréable,surtout,envie,rien,heureusement,joli,dire,blanc,jardin,croire,excellent,symbole,yeux,autre,esprit,rêve,chocolat,apercevoir,juste,venir,gros,vif,énorme,beauté,attendre,finalement,voilà,peau,fond,aimer,pareil,aimer,cheveux,chose,beau,lol,contenter,croire,jardin,longtemps,penser,pareil,sel,imaginer,avouer,évidemment,laisser,juste,amoureux,absolument,orange,désir,venir,excellent
oncle,petit,petit,parent,roi,rentrer,fils,fille,raconter,marier,fille,petit,fille,mère,rentrer,tuer,roi,petit,vivre,fille,rentrer,roi,raconter,habiter,tuer,roi,petit,petit,raconter,habiter,arriver,raconter,prince,mourir,roi,ami,vivre,arriver,quitter,prince,habiter,arriver,parent,petit,marier,fille,quitter,mort,quitter,fille,soeur,rentrer,vieux,tuer,marier,prince,mort,fille,marier,raconter,tuer,ami,mourir,mort,prince,petit,rentrer,marier
oncle,avoir,petit,jeune,étayer,femme,prince,vrai,croire,naître,aller,pareil,enfant,fille,essayer,finalement,rentrer,voilà,vivre,voilà,longtemps,empire,tomber,sortir,venir,croire,petit,finalement,venir,âme,rien,témoignage,louis,disparaître,beau,croire,tomber,faire,finir,grand,raconter,voir,jeune,petit,femme,enfant,quitter,avoir,justement,finir,vouloir,finir,commencer,arrêter,enfant,aller,avoir,essayer,premier,commencer,tenter,chose,venir,tomber,venir,faire,rentrer,prince
herbe,sel,plat,fleur,fromage,arbre,recouvrir,sec,viande,terre,sel,printemps,mélanger,pomme,pousser,légume,pousser,sec,légume,fromage,légume,goût,nourrir,pousser,fromage,arbre,jardin,fleur,fromage,cuire,plante,terre,printemps,couper,soupe,viande,sol,légume,fleur,jardin,pousser,nourrir,vert,fromage,soupe,sel,nourrir,nourrir,fromage,nourrir,sol,mélanger,goût,viande,pomme,doux,soupe,sec,mélanger,sec,sec,arbre,recouvrir,couper,mélanger,recouvrir,nourrir,couper
herbe,morceau,servir,pâte,préparation,surtout,moitié,température,fameux,soleil,sel,voilà,pendant,blanc,aller,beurre,avoir,goût,lait,pâte,manger,beurre,être,vivre,lait,bois,bleu,dire,chaud,lait,hiver,tel,bleu,oublier,soupe,fruit,décoration,pâte,fleur,printemps,contenter,possible,sol,huile,lait,blanc,nourrir,chocolat,finalement,réellement,forêt,côté,cuire,soupe,beurre,dessus,recouvrir,pain,liquide,four,rester,venir,chocolat,laisser,gros,découvrir,malheureusement,dire
faim,ogm,mobilisation,peur,sentir,boire,boire,vouloir,ogm,ogm,réclamer,vouloir,alimentaire,repas,forcer,prison,pain,mourir,mort,envie,pain,peur,souffrance,vouloir,prison,ogm,forcer,aliment,aliment,souffrance,repas,pain,rien,mobilisation,aliment,mort,repas,mort,vivre,peur,réclamer,souffrir,dormir,souffrance,aliment,alimentaire,prison,peur,peur,prison,peur,vivre,réclamer,prison,mourir,alimentaire,mobilisation,mobilisation,souffrance,aliment,boire,pain,vouloir,vivre,mort,peur,vouloir,repas
faim,débat,nécessité,regarder,dire,contenter,jeter,arriver,biologique,environnemental,voilà,parler,forcément,sec,arriver,difficile,plat,évidemment,faire,vrai,vert,oser,victime,vrai,pire,citoyen,connaître,viande,sucre,âme,après-midi,liquide,heureusement,manifester,végétal,mort,pouvoir,mort,esprit,finalement,obliger,vrai,regarder,longtemps,aliment,alimentaire,arrêter,absolument,aller,venir,aller,pire,donner,échapper,aller,agricole,mobilisation,approche,courage,consommation,vouloir,chocolat,vouloir,forcément,vrai,peur,croire,excellent
école,éducatif,réussite,réussite,classe,professeur,apprentissage,professeur,pédagogique,primaire,enfant,éducatif,étudiant,éducatif,scolaire,cycle,enseignant,éducation,enseignant,lycée,enseigner,collège,éducatif,étudiant,primaire,parent,établissement,pédagogique,ingénieur,apprentissage,ingénieur,classe,enseignant,classe,réussite,pédagogique,parent,enseignement,collège,réussite,éducation,enseignant,établissement,éducation,étudiant,lycée,élémentaire,enfant,parent,élève,cycle,enfant,apprentissage,enseigner,enseignement,réussite,lycée,professeur,éducatif,cycle,cycle,élève,ingénieur,élève,rentrée,réussite,élève,enseignant
école,culturel,demi,primaire,secondaire,établissement,approfondir,dispositif,handicapé,classe,naître,étudiant,programme,classe,encadrement,aptitude,lycée,géographie,mathématique,accueillir,enseigner,rentrée,formation,classe,cycle,accueil,prioritaire,ingénieur,génie,adolescent,acquis,classe,éducatif,loisir,cnrs,science,lycéen,étude,thèse,initial,établissement,enseignement,etat,âgé,formation,jeune,apprentissage,pouvoir,modalité,intervenant,évaluation,enfance,consister,sciences,académie,aider,bilan,conférence,enfant,cycle,supérieur,prof,ingénieur,aider,adulte,difficulté,cours,dispositif
lit,cuisine,cuisine,manger,cuisine,calme,coin,double,séparer,séparer,m²,séparer,étage,séjour,nuit,bébé,pied,studio,appartement,appartement,séjour,séjour,cuisine,laver,meuble,aménager,bras,studio,double,laver,laver,m²,pied,nuit,calme,calme,pied,nuit,bras,manger,asseoir,studio,bras,appartement,pied,laver,double,calme,calme,double,manger,nuit,laver,pied,manger,calme,bras,pied,salle,séparer,nuit,aménager,nuit,appartement,bras,aménager,double,asseoir
lit,fenêtre,entièrement,finir,maison,accueillir,côté,même,séparer,pouvoir,murs,proche,jardin,réservation,plein,faire,marcher,location,situer,proche,arriver,week-end,froid,magnifique,calme,confort,essayer,nuit,identique,légèrement,cuisine,plage,beau,longtemps,idéal,calme,attendre,rentrer,essayer,manger,façon,studio,aller,appartement,pied,gras,faire,plage,salle,petit,aménager,commencer,calme,petit,aller,excellent,bras,marcher,murs,être,repas,seulement,vendredi,emplacement,tendre,emplacement,parking,arriver
masse,déterminer,mesurer,considérable,déterminer,diminuer,diminuer,forme,poids,égal,faible,phénomène,supposer,solide,mouvement,force,solide,égal,phénomène,poids,égal,calculer,égal,diminuer,diminuer,est-à-dire,pression,phénomène,solide,considérable,inverse,caractériser,diminuer,déterminer,supposer,pression,diminuer,égal,forme,pression,déterminer,peser,quantité,conséquent,phénomène,pression,correspondre,poids,égal,considérable,caractéristique,déterminer,supposer,mouvement,constant,inverse,calculer,calculer,supposer,caractéristique,caractériser,est-à-dire,constant,considérable,est-à-dire,pression,conséquent,mouvement
masse,pouvoir,même,forcément,nécessaire,atteindre,constater,supposer,autre,sorte,longtemps,complexe,manière,suffisamment,phénomène,faire,consister,cas,approche,dimension,suffisant,calculer,égal,inverse,hausse,seulement,mesurer,notamment,solide,entraîner,lui-même,moindre,baisser,convenir,même,configuration,significatif,constater,seul,température,soit,calculer,définir,évidence,observer,pression,suivant,facile,supérieur,accroître,élaboration,déterminer,supposer,être,comporter,amener,donner,procéder,devoir,être,avérer,prendre,élever,diminuer,autre,origine,effet,parti
flamme,vif,yeux,nuit,détruire,approcher,vif,coeur,chaleur,amour,mourir,sombre,jeter,vif,amour,mourir,coeur,souffle,yeux,coeur,éclairer,échapper,approcher,tomber,ombre,instant,sang,chaleur,nuit,éclairer,ciel,approcher,lumière,sang,coeur,mourir,amour,coeur,yeux,éclairer,tomber,approcher,chaleur,coeur,amour,mourir,échapper,échapper,sombre,amour,jeter,mourir,apercevoir,sang,vif,souffle,instant,ennemi,sang,ombre,sang,yeux,apercevoir,yeux,coeur,sang,apercevoir,détruire
flamme,vif,jeter,oublier,retrouver,oser,attendre,joie,froid,espérer,chose,vivre,rentrer,vif,juste,frère,évidemment,tomber,ressembler,lumière,sombre,âme,étonner,surtout,pied,instant,vrai,froid,entourer,conséquent,terre,remarquer,seul,pur,coeur,essayer,sentir,joie,main,évidemment,heureusement,imaginer,façon,magnifique,ange,mourir,croire,sorte,entendre,rien,vrai,idée,voilà,rien,faire,chaleur,aller,craindre,coup,seulement,bleu,finalement,vrai,yeux,magnifique,oser,apercevoir,détruire
lèvre,légèrement,sentir,instant,doux,oeil,tendre,oser,oeil,beauté,main,rire,sentir,rire,oser,doux,légèrement,oeil,souffle,instant,bras,sentir,main,âme,bout,tête,doux,bout,cheveux,doux,doux,doux,sentir,doux,âme,tendre,regard,sentir,main,âme,regard,doux,beauté,oreille,regard,regard,oeil,souffle,doux,âme,bout,cheveux,regarder,sentir,âme,tête,sentir,peau,yeux,bouche,peau,instant,visage,tendre,doux,sentir,oreille,doux
lèvre,arriver,envie,tendre,reste,surtout,idée,penser,aller,beauté,silence,contenter,douter,juste,rien,rien,laisser,jeter,rien,oreille,aller,sembler,aller,plaisir,juste,exactement,penser,réellement,bout,faire,joli,ambiance,vrai,regard,silence,finir,éloigner,ressentir,côté,souffle,passer,oublier,juste,croire,surtout,oeil,juste,souffle,côté,ange,envie,dire,finir,vouloir,silence,croire,contenter,peau,étonner,vrai,reste,plaisir,profond,tendre,bonheur,voilà,avoir,super
passage,seul,emprunter,commencer,prendre,reprendre,abord,surtout,arrivée,reprendre,reprendre,seul,franchir,prendre,terminer,voie,avoir,route,temps,long,franchir,franchir,emprunter,terminer,prendre,autre,autre,arrivée,surtout,avoir,reprendre,noter,surtout,commencer,faire,arrivée,avoir,terminer,faire,autre,surtout,commencer,avoir,commencer,même,temps,route,passer,voie,arrivée,passer,arriver,prendre,dernier,terminer,reprendre,route,temps,prendre,faire,temps,long,avoir,autre,faire,terminer,voie,être
passage,seul,chemin,chose,finalement,seulement,penser,voir,chemin,façon,passer,impossible,empêcher,avoir,dire,surtout,vouloir,exister,faire,évidemment,progressivement,débuter,justement,malheureusement,chose,procéder,avoir,finalement,trouver,réellement,reprendre,surtout,falloir,commencer,croire,finir,chose,effectivement,simplement,autre,voilà,finalement,raison,rentrer,simplement,amener,envie,reprendre,poursuivre,finalement,évidemment,finir,vouloir,forcément,être,attendre,pareil,avouer,donner,aller,absolument,court,surtout,sorte,surtout,terminer,voie,évident
principe,exigence,imposer,loi,imposer,exigence,est-à-dire,est-à-dire,consister,imposer,résulter,est-à-dire,clairement,loi,définir,imposer,loi,notion,définir,nécessaire,définir,agir,introduire,respecter,notion,appliquer,définir,est-à-dire,supposer,considérer,nécessité,clairement,notion,égalité,agir,agir,règle,considérer,agir,loi,notion,respecter,contraire,clairement,définir,exigence,respecter,définir,nécessité,supposer,nécessaire,règle,clairement,imposer,fonder,nécessaire,exigence,nécessaire,est-à-dire,respecter,loi,égalité,loi,supposer,fonder,fondement,résulter,consister
principe,considérer,conséquent,applicable,même,droit,prendre,différent,développer,constituer,faciliter,juste,dire,introduire,permettre,soumettre,reconnaître,concept,envisager,approprier,spécifique,évidemment,limiter,conforme,contenter,avérer,différent,exister,limiter,autre,fait,manière,méthode,vouloir,seul,façon,applicable,seulement,manière,autre,insister,constituer,raison,donner,baser,besoin,intervenir,caractériser,voire,agir,notamment,introduire,obliger,considérer,évidence,devoir,agir,conséquent,même,commission,loi,valeur,réglementaire,nécessaire,constituer,problématique,notamment,absolument
sens,sorte,signifier,supposer,donner,conscience,façon,propre,réalité,sorte,logique,logique,terme,est-à-dire,pensée,autre,terme,expression,sorte,raison,donner,manière,logique,lui-même,façon,conscience,logique,donner,justement,agir,signifier,signifier,abord,justement,abord,expression,pensée,est-à-dire,réalité,autre,logique,lui-même,idée,idée,esprit,idée,lui-même,notion,idée,pensée,sorte,logique,lui-même,volonté,est-à-dire,manière,propre,autre,justement,logique,volonté,logique,esprit,agir,conscience,idée,sorte,signifier
sens,sembler,sembler,effectivement,terme,abord,seul,réellement,existence,juste,contexte,avoir,moindre,aboutir,vérité,autre,exister,façon,sembler,juste,être,devoir,manière,seul,nécessaire,possible,chose,suffisant,douter,aboutir,façon,signifier,abord,même,sorte,chose,croire,même,perception,propre,juste,forcément,longtemps,évident,vouloir,absolument,est-à-dire,nécessité,vouloir,justement,juste,malheureusement,concept,naturellement,devoir,simple,simple,différence,croire,expliquer,insister,même,lui-même,clairement,agir,raison,rester,faire
habitude,penser,chose,surtout,heureusement,essayer,arriver,sembler,bon,changer,aller,finir,faire,heureusement,heureusement,bon,changer,aller,sembler,finir,rien,forcément,croire,aller,bon,changer,chose,obliger,obliger,penser,penser,finalement,surtout,falloir,finalement,rien,arriver,surtout,aller,sembler,penser,longtemps,longtemps,voilà,finir,aller,surtout,finir,obliger,mauvais,surtout,falloir,obliger,voilà,mauvais,penser,forcément,voilà,bon,penser,évidemment,évidemment,faire,évidemment,rien,voilà,sembler,penser
habitude,vouloir,dire,longtemps,vrai,dire,venir,être,commencer,malheureusement,aller,commencer,falloir,heureusement,manquer,dire,voilà,justement,justement,finir,douter,rien,rester,longtemps,passer,voilà,dire,finir,décider,sûr,être,lui-même,bon,heureusement,avoir,juste,commencer,imaginer,être,essayer,exactement,passer,dire,avoir,longtemps,vrai,juste,évident,évident,mauvais,même,obliger,forcément,dire,malheureusement,finir,forcément,voilà,heureusement,voilà,exactement,penser,finir,évidemment,rien,faire,justement,même
passion,plaisir,préférer,vivre,goût,joie,vivre,âme,vivre,préférer,talent,envie,monde,talent,esprit,émotion,émotion,désir,sentiment,envie,goût,talent,désir,rêve,découvrir,monde,esprit,monde,heureux,envie,sentiment,émotion,goût,vivre,rêve,amoureux,âme,talent,aimer,âme,rêve,heureux,monde,aimer,découvrir,amateur,heureux,bonheur,désir,esprit,désir,amitié,rêve,vivre,âme,plaisir,goût,amitié,préférer,sentiment,amitié,goût,préférer,sentiment,joie,monde,plaisir,amitié
passion,instant,avoir,vrai,espérer,beau,christ,avouer,croire,ressembler,talent,voilà,forcément,magnifique,penser,avouer,avouer,vivre,chose,yeux,justement,rien,spirituel,rêve,dire,seulement,essayer,sembler,heureusement,bonheur,souffrance,âme,essayer,volonté,rien,ami,homme,arriver,heureusement,lui-même,espérer,espérer,devenir,superbe,ressentir,oublier,dire,voilà,dire,vouloir,vie,amitié,venir,pareil,peuple,vie,sorte,voilà,dire,gens,vouloir,falloir,rien,vivre,sûr,même,préférer,découvrir
désir,amoureux,joie,volonté,ressentir,plaisir,amoureux,sens,individu,amour,réalité,passion,spirituel,souffrance,vivre,désirer,conscience,spirituel,amoureux,individu,lui-même,sentir,sens,amoureux,sentir,conscience,réalité,réalité,plaisir,sentir,amoureux,sentir,sentir,volonté,plaisir,individu,sens,désirer,ressentir,désirer,rêve,désirer,amoureux,réalité,plaisir,désirer,passion,amour,lui-même,individu,pensée,plaisir,âme,pensée,individu,vivre,ressentir,ressentir,spirituel,sentir,envie,vivre,âme,passion,amoureux,souffrance,désirer,sens
désir,seul,véritable,chose,peur,amitié,adorer,manière,yeux,coeur,possible,ange,fait,mystère,vaste,naître,conscience,notion,heureux,aspect,rester,sentir,sens,plaire,rien,humain,penser,croire,idée,essayer,finir,conscience,seul,préoccupation,commencer,nécessité,profond,justement,conscience,donner,pareil,forcément,parler,être,donner,frère,justement,vie,individu,réellement,rêve,vrai,surtout,rien,ignorer,surtout,voilà,évident,amitié,juste,arriver,penser,dieu,dieu,beau,grâce,avoir,absolument
larme,aimer,coeur,mourir,souffrance,instant,souffrance,sang,souffrir,instant,yeux,âme,souffrir,regarder,regarder,souffrir,chanter,espoir,chanter,regarder,aimer,visage,joie,sang,instant,espoir,triste,visage,rire,visage,émotion,chanter,tomber,regarder,sentir,silence,coeur,amour,espoir,émotion,peur,espoir,joie,âme,coeur,triste,peur,tomber,émotion,chanter,bras,mourir,souffrance,triste,chanter,peur,espoir,chanter,bras,espoir,tomber,regarder,instant,bras,triste,sentir,chanter,bras
larme,longtemps,forcément,chose,avouer,sentiment,justement,essayer,aller,falloir,triste,surprendre,heureusement,voilà,espérer,souffrance,essayer,bon,longtemps,plaire,penser,heureux,amoureux,émotion,vivre,fou,gens,cheveux,avouer,penser,longtemps,contenter,arriver,pareil,falloir,croire,coeur,absolument,plaisir,beau,vrai,contenter,raconter,douter,aimer,rien,envie,beau,essayer,justement,sensation,truc,désir,manquer,petit,peur,juste,fou,aller,surtout,finir,entendre,plaisir,beau,vrai,aller,vouloir,pied
vache,nourrir,boire,ferme,nourrir,agriculteur,aliment,étonner,manger,oeuf,petit,terre,ressembler,alimentation,boire,manger,ferme,petit,ressembler,fabriquer,fou,ressembler,production,fou,nourrir,étonner,aliment,étonner,aliment,viande,boire,oeuf,plein,ressembler,animal,étonner,race,agriculteur,production,rire,quantité,petit,boire,cheval,aliment,quantité,production,agriculteur,fromage,alimentation,petit,ressembler,alimentation,fou,étonner,plein,viande,petit,ressembler,terre,terre,terre,viande,étonner,rire,alimentation,production,alimentation
vache,eau,dire,pain,repas,heureusement,hygiène,étonner,poisson,fruit,plaisir,plat,pareil,particulièrement,boire,finir,préserver,vouloir,faire,four,parler,vrai,principalement,vouloir,servir,voilà,consister,finir,filière,pomme,chose,chasse,essayer,petit,homme,vouloir,seul,commerce,important,finir,animal,juste,alimenter,pensée,morceau,généralement,fabriquer,alimenter,gras,fromage,venir,justement,environnement,regarder,étonner,simplement,pain,finir,vrai,univers,ouest,naturellement,chocolat,forcément,forcément,huile,agriculteur,concevoir
début,époque,dernier,année,époque,débuter,avoir,pendant,mois,fin,dater,seconde,achever,être,reprendre,pendant,durer,durer,prochain,deuxième,achever,jusqu'en,durer,débuter,pendant,reprendre,commencer,prochain,achever,pendant,premier,dernier,avoir,pendant,marquer,siècle,époque,époque,mois,durer,seconde,être,mois,marquer,marquer,deuxième,passer,passer,passer,achever,durant,marquer,reprendre,siècle,dater,reprendre,dernier,reprendre,passer,avoir,seconde,mois,prochain,passer,passer,mois,avoir,reprendre
début,effectivement,finir,jours,vieux,pendant,seul,reprendre,durée,pire,finir,même,truc,falloir,oublier,espérer,juste,conduire,seul,durant,achever,pouvoir,être,temps,jour,engager,attendre,oser,rester,passer,achever,passer,faire,autre,nécessaire,débuter,difficile,temps,prévoir,faire,consister,rester,fois,demander,marquer,passer,attendre,passer,aller,apparaître,décider,prochain,voilà,témoigner,voir,juste,nouveau,surtout,finir,avoir,côté,justement,succès,pire,penser,prochain,pareil,reprendre
pierre,daniel,martin,georges,marie,maurice,daniel,gérard,jacques,claude,andré,andré,martin,antoine,jean,yves,martin,paul,bernard,bruno,andré,olivier,daniel,françois,antoine,marie,jacques,fondation,gilles,antoine,antoine,bruno,georges,yves,georges,gilles,paul,bruno,henri,murs,daniel,yves,marie,georges,olivier,claude,yves,jean,paul,andré,michel,philippe,antoine,bruno,michel,robert,antoine,martin,marie,antoine,bruno,martin,gilles,robert,gérard,yves,gilles,claude
pierre,dominique,daniel,bernard,alain,thierry,richard,yves,frédéric,claude,jean-pierre,rené,maison,yves,louis,jean-paul,anne,dame,alain,bruno,catherine,antoine,daniel,vincent,dominique,château,daniel,patrick,frédéric,bernard,henri,didier,louis,georges,philippe,catherine,christian,yves,gilles,autre,frédéric,thierry,christophe,rien,anne,claude,charles,alain,claude,dominique,bruno,frédéric,frédéric,antoine,président,alain,alain,gilles,georges,christian,françois,marc,gilles,antoine,jacques,maurice,frédéric,georges
visage,soin,corps,âme,soin,sourire,geste,main,tête,âme,regarder,lumière,doigt,doigt,corps,soin,sentir,bouche,portrait,sentir,approcher,instant,regarder,cheveux,doigt,doigt,regard,approcher,étrange,geste,regard,étrange,sombre,sourire,soin,portrait,sourire,doux,âme,ombre,instant,bras,doigt,tête,étrange,sentir,soin,approcher,bras,main,main,tête,corps,sentir,portrait,bouche,bouche,bras,approcher,main,bouche,sombre,étrange,tête,soin,lumière,doux,doux
visage,doux,longtemps,grâce,médecin,contenter,finalement,main,même,vrai,pire,mystère,faire,surtout,signifier,apprécier,pire,autre,rouge,absolument,rien,chose,contenter,marcher,bout,bras,venir,tomber,longtemps,étrange,contenter,aller,approcher,faire,assurer,raconter,dire,sorte,sentir,difficile,regard,espérer,doigt,sourire,douter,envie,bouger,juste,vrai,passer,forcément,venir,corps,dire,artistique,avouer,bouche,tomber,approcher,croiser,vivre,chose,étrange,surprise,clinique,vouloir,légèrement,sensation
arbre,sol,petit,pousser,vent,sol,vert,paysage,espèce,végétal,plante,petit,feuille,espèce,vent,jardin,petit,paysage,ombre,variété,pousser,variété,fleur,hauteur,oiseau,espèce,fleur,hauteur,végétal,essence,essence,automne,espèce,racine,feuille,forêt,apercevoir,végétal,sol,fruit,fruit,petit,apercevoir,bois,endroit,sol,petit,petit,ombre,bois,pousser,forêt,essence,petit,endroit,petit,jardin,vent,endroit,feuille,variété,oiseau,petit,endroit,ombre,variété,plante,sol
arbre,avoir,aller,oublier,souffle,sec,pire,abord,riche,remarquable,plante,joli,cuisson,rare,lune,bain,visiter,sauvage,instant,approche,abord,élaboration,vallée,placer,grand,aimer,blanc,justement,branche,pâte,essence,éclairage,observer,chaud,fruit,magnifique,remarquer,environnement,sec,remarquable,plat,venir,falloir,sauvage,essayer,sable,finir,passer,sembler,hauteur,bouger,monter,variété,surtout,vieux,juste,remarquable,falloir,facilement,profondeur,privilégier,voir,sembler,chaleur,château,varier,recouvrir,naturel
position,droite,faire,top,tête,placer,affirmer,montrer,affirmer,top,considérer,seul,prendre,valeur,montrer,considérer,montrer,inverse,maintenir,mouvement,attitude,déplacer,montrer,côté,placer,attitude,prendre,valeur,force,placer,déplacer,déplacer,droite,inverse,point,top,faire,seul,placer,montrer,point,important,tête,mouvement,mouvement,maintenir,déplacer,inverse,montrer,attitude,faire,attitude,déplacer,seul,mouvement,affirmer,valeur,inverse,seul,montrer,affirmer,prendre,point,top,inverse,rapprocher,mouvement,rapprocher
position,justement,heureusement,imposer,finir,pouvoir,conviction,montrer,prétendre,faire,supposer,sorte,prendre,exister,apparaître,cas,montrer,évidence,devoir,faire,voire,hypothèse,vouloir,essayer,constituer,difficile,demander,exister,propre,figurer,justement,point,front,justement,point,remarquer,évident,évident,comporter,agir,vue,seulement,peur,gauche,manifester,falloir,seul,simplement,faire,remarquer,malheureusement,évident,déplacer,convenir,évidence,manière,évident,exister,clairement,montrer,affirmer,prendre,vue,second,malheureusement,seul,mouvement,penser
avis,comité,recommandation,formuler,recommandation,proposition,recommandation,transmettre,soumettre,soumettre,transmettre,date,date,proposition,recommandation,intéressant,commission,dossier,consultation,comité,émettre,favorable,recommandation,transmettre,consultation,transmettre,comité,examiner,préciser,comité,proposition,compétent,proposition,intéressant,date,dossier,décision,proposition,transmettre,motiver,article,recommandation,émettre,utile,utile,intéressant,préciser,recommandation,examiner,dossier,motiver,motiver,date,préciser,motiver,conseil,rapport,date,transmettre,dossier,proposition,concernant,émettre,date,article,dossier,soumettre,formuler
avis,comité,envisager,convenir,définir,assemblée,évidence,attribuer,déterminer,décret,document,compléter,site,convenir,nécessaire,prendre,applicable,tenir,programme,élaborer,concernant,clairement,réunion,réglementaire,notamment,voir,présenter,préalable,concerner,réunir,souhaiter,limiter,cohérence,pouvoir,date,document,judiciaire,réunir,suffire,désirer,approprier,contrôle,devoir,trouver,agir,falloir,conséquent,recommandation,relative,prestation,fondement,motiver,pouvoir,effectuer,surtout,membre,présidence,service,pouvoir,fournir,action,applicable,proposition,début,conformément,informer,tel,intervenir
