cues,p_23f,p_23d,p_24f,p_24d,p_25f,p_25d,p_26f,p_26d,p_27f,p_27d,p_28f,p_28d,p_29f,p_29d,p_30f,p_30d,p_31f,p_31d,p_32f,p_32d,p_33f,p_33d,p_34f,p_34d,p_35f,p_35d,p_36f,p_36d,p_37f,p_37d,p_38f,p_38d,p_39f,p_39d,p_40f,p_40d,p_41f,p_41d,p_42f,p_42d,p_43f,p_43d,p_44f,p_44d,p_45f,p_45d,p_46f,p_46d,p_47f,p_47d,p_48f,p_48d,p_49f,p_49d,p_50f,p_50d,p_52f,p_52d,p_53f,p_53d,p_54f,p_54d,p_55f,p_55d,p_56f,p_56d,p_57f,p_57d,p_58f,p_58d,p_59f,p_59d,p_60f,p_60d,p_61f,p_61d,p_62f,p_62d,p_63f,p_63d,p_64f,p_64d,p_65f,p_65d,p_66f,p_66d,p_67f,p_67d,p_68f,p_68d,p_69f,p_69d,p_70f,p_70d,p_71f,p_71d,p_73f,p_73d,p_74f,p_74d,p_76f,p_76d,p_77f,p_77d,p_78f,p_78d,p_79f,p_79d,p_80f,p_80d,p_81f,p_81d,p_82f,p_82d,p_83f,p_83d,p_84f,p_84d,p_85f,p_85d,p_86f,p_86d,p_87f,p_87d,p_88f,p_88d,p_89f,p_89d,p_90f,p_90d,p_91f,p_91d,p_92f,p_92d
machine,laver,dinosaure,écrire,temps,laver,complexe,industrie,automatique,écrire,coudre,laver,minéraux,production,corps,fer,machin,machine,pain,robot,arrière,fumée,transformer,outils,possibilité,laver,coudre,rouage,artificiel,robot,bruyant,guerre,ordinateur,robot,intelligence,robot,,homme,sport,café,lessive,technologie,futur,rouages,métabolisme,couture,voiture,chose,aujourdhui,humain,industrie,roue,robot,écrire,mécanique,continue,hit,fonctionnement,temps,ordinateur,film,robot,ouvrier,ménage,utile,écran,club,ordinateur,Turing,écrire,laver,fer,auto,machine,objet,bête,accoutumance,industrie,risque,outil,ingénieur,robot,IA,rouage,dieu,écrire,voiture,robot,rouage,robot,automate,écrire,truc,écrire,cerveau,recherche,traitement,laver,temps,fabriquer,vapeur,laver,usine,métal,coudre,progrès,robot,développement,vapeur,robot,écrire,coudre,fabriquer,outil,écrire,ordinateur,futur,robot,laver,Learning,turbo,écrire,animal,écrire,futur,écrire,éléphant,outil,,robot,truc,animal,révolution,automatique,futur
rapport,sexuel,temps,envie,balance,sexuel,autopsie,cours,notice,stage,relation,sexuel,aucun,écrit,calcul,dossier,,rapport,mathématiques,sexuel,,force,ministériel,compte-rendu,social,terre,force,relation,,écrit,brouillé,feuille,complet,dossier,individu,protéger,connaître,nuit,rendu,stage,lien,lien,lien,écrit,lien,sexe,projet,papier,travail,lien,devoir,division,mathématiques,dossier,domination,acte,synthèse,analyse,compte,sexe,latex,stage,policier,,lien,dossier,intimité,sexuel,logique,sexuel,,feuille,entreprise,rapport,report,corrélation,division,ratio,ensemble,lien,lien,lien,,papier,amour,humain,hiérarchie,sociaux,électrique,dossier,personnes,dossier,,lien,causalité,écriture,rendu,dossier,collaborateur,échange,vitesse,dossier,rapprochement,dossier,aucun,connexion,lien,lien,aucun,lien,force,relatif,mesure,écrit,sexuel,feuille,,sexuel,relation,sexuel,,stage,incident,loi,inter-personnel,écrit,force,bilan,lien,lien,synthèse,sexuel,relation,compte-rendu,synthèse
genre,féminin,littérature,sexe,mystère,masculin,nouveau,mâle,neutre,féminin,sexe,féminin,débat,féminin,croyance,étude,expression,genre,sexe,féminin,exemple,féminin,expression,sexe,critère,sexe,transsexuel,féminin,relatif,sexe,comédie,masculin,type,sexe,rôle,femme,binaire,flou,type,féminin,féminisme,type,littéraire,sexe,hétéroclite,femme,indéfini,femme,lutte,classe,binaire,sexe,conservatisme,trans,non-binaire,type,sexe,mixte,sexe,sexe,variété,féminin,espèce,sexe,identité,sexe,ouverture,film,,féminin,roman,femme,livre,genre,féminin,domaine,préjugé,société,ressentiment,femme,sexe,identité,sexualité,féminin,comme,femme,,sexe,manifestation,fluide,façon,,sexe,sexe,,femme,ambiguë,social,trouble,sexe,vice,neutre,neutre,masculin,tic,constructionsociale,caractère,masculin,pronom,nom,film,sexe,style,sexe,absence,sexe,,sexe,classification,sexe,fille,féminin,transformation,sexe,Trans,femme,nombre,nombre,type,vague,mauvais,féminin,questionnement,sexe,style
jardin,vert,,fleur,voltaire,forêt,secret,herbe,air,cour,enfant,herbe,feu,arbre,,vert,,jardin,herbe,vert,beauté,herbe,piscine,fleur,famille,herbe,tondeuse,potager,français,fleur,travail,fleur,potager,florissant,insecte,arbre,fruit,vert,arrosage,pelouse,insecte,nature,nain,vert,cultiver,herbe,jeux,plante,arrosage,plante,propriété,été,voltaire,hérisson,arbuste,verdure,,potager,nain,bêche,balançoire,fleur,tondeuse,fleur,joli,herbe,anglais,potager,cabane,balançoire,repos,verdure,plante,jardin,beau,fleur,limace,sérénité,loisir,maison,jeu,parc,patrimoine,fleur,campagne,maison,balançoire,fleur,nain,fleur,verdure,plante,nain,verdure,pis,verdure,jaune,cultiver,candide,vert,évasion,herbe,balcon,herbe,ginkgo,campagne,danse,vert,cactus,prairie,barrière,nature,cultiver,maison,potager,plante,terre,pluie,football,herbe,herbe,clôture,fraîcheur,maison,Eden,herbe,secret,fleur,herbe,fruit,Eden,fleur,cultiver,plante,potager
rayon,soleil,espace,uv,disque,soleil,roue,soleil,signal,soleil,supermarché,source,uranium,soleil,entourage,action,griffonner,rayon,soleil,soleil,radio,magasin,vélo,soleil,,soleil,lumière,diamètre,miel,x,supermarché,soleil,diamètre,magasin,laser,laser,soleil,laser,planète,disque,magasin,soleil,cercle,soleil,prénom,diamètre,vélo,soleil,miel,lumière,miel,supermarché,diamètre,supermarché,soleil,soleil,diamètre,couleur,soleil,UV,consommation,vélo,lune,diamètre,faisceau,diamètre,cancer,cercle,diamètre,cercle,fromage,solaire,jubile,rayon,lumière,soleil,bicyclette,géométrie,rapport,cercle,vélo,endroit,cercle,lumière,diffraction,magasin,diamètre,lumineux,course,soleil,vélo,vélo,lumière,cercle,supermarché,magasin,soleil,disque,expert,soleil,diamètre,soleil,soleil,UV,vélo,magasin,cosmétique,périmètre,diamètre,soleil,courbure,lumière,choix,diamètre,vélo,cercle,cercle,miel,superman,rapporteur,supermarché,soleil,chaleureux,soleil,mathématiques,soleil,infrarouge,soleil,cercle,soleil,X,soleil,magasin,solaire,roue
colline,montagne,yeux,espace,espace,montagne,monticule,montagne,horizon,mont,verte,herbe,,montagne,balade,mont,,colline,hauteur,mont,prénom,yeux,horizon,prairie,rêverie,siffler,dune,mont,vallon,montagne,verdure,montagne,fleur,montagne,prénom,montagne,film,montagne,luge,montagne,paysage,nature,descente,comté,cacher,herbe,roulade,herbe,vélo,paysage,géographie,dune,art,relief,Windows,falaise,montagne,montagne,yeux,montagne,minecraft,montagne,fille,montagne,nature,falaise,yeux,vallée,dévaler,montagne,vert,chameau,planète,colline,montagne,prairie,rouler,pente,diversion,montage,,mont,,onde,onde,montagne,ski,yeux,paysage,montagne,écran,campagne,herbe,paysage,luge,montagne,obstacle,mont,bleue,yeux,yeux,montagne,randonnée,dune,yeux,montagne,paysage,yeux,hauteur,montagne,nature,montagne,randonnée,paysage,montagne,montagne,coq,paysage,rouler,montagne,bosse,yeux,montagne,montagne,épreuve,montagne,randonnée,sursaut,hauteur,pré,yeux,montagne,vallée,dune,bosse
chien,chat,guide,chat,ombre,chat,ami,chat,niche,chat,aveugle,croquette,jouer,chat,compagnie,chat,puce,chien,chat,chat,temps,chat,fidèle,chat,famille,chat,animal,chat,ami,chat,rage,chat,balle,chat,enfer,chat,poil,chienne,promenade,chat,griffe,chat,aveugle,chat,fidèle,chat,laisse,chat,chasse,animal,patte,chat,disney,animal,bave,animal,pâté,aboyer,chat,laisse,confinement,chat,rage,méchant,rage,chat,réponse,chat,ami,chat,morsure,corbeau,homme,chien,chat,chat,pitbull,domestication,ami,chat,os,animal,garde,chat,loup,chat,croquette,chat,crotte,patte,ami,chat,,chat,loup,chat,animal,compagnie,,chat,fidèle,chat,laisse,chat,,affection,mouillé,attachant,odeur,chat,compagnon,chat,fidélité,chat,compagnon,chat,bave,chat,os,animal,aboiement,chat,fidèle,chat,ami,chat,couleur,chat,aboiement,chat,dingo,chat,domestique,chat,fidèle
peau,grain,,aire,tatouage,poil,couleur,cuir,chaleur,barrière,fleur,douce,poil,vêtement,couverture,beige,peau,peau,peau,épiderme,caresse,joie,enveloppe,,couverture,bronzage,douceur,épiderme,caresse,corps,sèche,corps,cancer,douce,cellule,blanc,couleur,nue,brûlure,beige,lisse,épiderme,couleur,douce,barrière,soleil,plage,beige,transpiration,cellule,couche,clair,interaction,doux,ride,protection,crème,couleur,doux,cancer,métal,blanche,rôtir,bronzage,teint,bouton,organe,corps,contact,corps,couleur,muqueuse,marron,peau,couleur,poli,chagrin,protection,,corps,organe,humain,camouflage,corps,texture,organe,blanche,douceur,crème,surface,barrière,épiderme,chagrin,contact,carapace,cellule,soleil,chagrin,boucler,bronzé,noire,pore,aspect,dermatologie,dermatose,enveloppe,toucher,lisse,orange,derme,barrière,douce,enveloppe,corps,bête,bouton,bactérie,chair,pli,tache,soleil,pli,pêche,épiderme,barrière,toucher,volupté,fleur,protection,corps,tatouage,fine,bronzage,épiderme,tatouage
mur,plafond,son,obstacle,guerre,plafond,façade,maison,séparation,sol,brique,salpêtre,casser,maison,séparation,brique,précoce,mur,béton,brique,frontière,parpaing,cassis,sol,,blanc,maison,parpaing,chute,brique,glace,maison,dos,bloc,peint,prison,prison,murmure,obstacle,brique,poule,salle,bruit,maison,silence,toit,tableau,béton,ville,maison,bâtiment,brique,rupture,vertical,son,séparation,dur,plafond,escalader,brique,séparé,séparation,prison,peinture,prison,toit,dessin,bâtiment,barrière,blanc,solide,blanc,dur,mur,barrage,cogner,son,frontière,soi,maison,framboise,stop,apartheid,brique,baguette,toit,brique,brique,escalade,obstacle,frein,coin,framboise,cloison,frontière,pierre,obstacle,mature,adolescence,porte,gravir,brique,bloquer,béton,portugais,Berlin,stop,dur,Facebook,brique,béton,mature,blocage,maison,maçon,brique,dur,cuit,portugais,dur,dur,brique,son,appartement,obstacle,haut,enceinte,ascension,obstacle,brique,fruit,blanc,frontière,brique,obstacle
science,curiosité,magie,vie,dépassement,biologie,progrès,astronomie,théorème,étude,conscience,vie,absolue,naturelle,maladie,cognitive,étonnante,science,science,recherche,humaine,neurone,junior,recherche,,direct,raison,savoir,paradigme,infuse,microbe,mathématiques,dur,logique,astrologie,astronomie,savoir,long,recherche,physique,humaines,futur,film,expérience,avancer,cerveau,cortex,vert,études,progrès,évolution,laboratoire,religion,calcul,biologie,vérité,nature,expert,espace,technologie,univers,mathématiques,vaccin,mathématiques,savoir,mathématiques,trouvaille,recherche,preuve,psychologie,concours,cerveau,émotion,science,futur,fondamentale,vulgarisation,rationalité,réglage,vie,médecin,domaine,intelligence,chimie,bécher,médecine,terre,savoir,sport,rocket,paradigme,recherche,microscope,étude,quantique,recherche,difficile,dure,réponse,découverte,,technique,étude,vie,explosion,recherche,art,humaine,école,solution,fiction,découverte,compréhension,recherche,origine,expérience,compliqué,savoir,autorité,occulte,art,mathématiques,confiance,médecine,religion,sociale,inexact,connaissance,idée,recherche,Nobel,cognitive,religion,vie,espace
enfant,période,,,connexion,futur,marmot,petit,adolescent,bébé,jouer,pleurs,habit,parent,cadeau,petit,,enfant,bébé,petit,rire,bambin,adulte,,apprentissage,petit,ennui,jeune,commencement,petit,coquin,adulte,jeu,parents,caprice,petit,bonbon,bébé,découverte,parent,psychomotricité,adulte,sagesse,âge,fragile,main,casquette,dieu,école,adulte,jouer,parent,développement,petit,élever,Pokémon,jouet,,question,bêtise,blond,parent,éducation,maman,obligation,couche,imagination,parent,innocence,adolescent,couple,joie,chat,enfant,petit,bébé,apprenant,début,nécessité,famille,cri,jeune,amour,famille,innocence,adulte,âge,jeune,vieux,vie,possibilité,petit,lait,jeune,pleurs,grossesse,petit,naissance,rose,jeune,amour,parent,régression,jouet,bronchiolite,bébé,avenir,sage,mignon,adulte,descendant,jeune,innocence,parent,jeu,adulte,pleurs,pédiatrie,imagination,dessin,joie,bébé,union,parent,avenir,parent,arbre,adulte,petit,jeune,lait,petit,éducation,bébé,mignon
lune,ciel,prince,soleil,poésie,miel,astre,soleil,astéroïde,miel,miel,ciel,cratère,soleil,poésie,soleil,plombier,lune,lune,nuit,cinéma,pleine,loup-garou,nuit,lumière,ciel,viser,soleil,sorcellerie,ciel,étoile,soleil,fusée,nuit,voyage,soleil,nuit,terre,gravité,ciel,croissant,nuit,mission,espace,ailleurs,ciel,chine,soleil,américains,espace,voyage,soleil,,croissant,miel,loup,miel,ronde,astronaute,nuit,cinéma,ciel,clown,soleil,nuit,ciel,miel,astre,illuminer,soleil,croissant,saturne,beauté,,étoile,terre,trous,nuit,,nuit,croissant,astre,espace,soleil,miel,soleil,croissant,nuit,planète,soleil,féminité,soleil,loup,ciel,mission,soleil,astre,satellite,fesses,ciel,voyage,miel,miel,espace,fesses,nuit,rêve,soleil,périmètre,nuit,Encelade,miel,distance,soleil,fesses,terre,rêver,miel,visage,ciel,astrologie,soleil,Charles,soleil,astre,croissant,spiritualité,espace,nuit,soleil,astre,ciel,astre,soleil,rêve
cause,défendre,,effet,,animale,idée,problème,solution,effet,lien,débat,dissertation,conséquence,imprévisible,conséquence,parle,cause,humanitaire,juste,victime,effet,parle,conséquence,phénomène,effet,effet,idéal,juste,,,effet,pourquoi,effet,action,conséquence,début,conséquence,raison,conséquence,pollution,conséquence,climat,conséquence,enchaînement,conséquence,moteur,raison,animal,effet,but,animale,origines,effet,engagement,conséquence,action,conséquence,histoire,conséquence,culpabilité,effet,papillon,,peur,raison,état,conséquence,début,conséquence,,mortalité,trouble,cause,effet,conséquence,déterminisme,explication,essence,conséquence,fautif,raison,,conséquence,montagne,conséquence,raison,effet,résultat,problème,engagement,conséquence,implication,problème,nous,effet,lien,conséquence,aérosol,solution,conséquence,effet,acte,effet,raison,raison,dommage,effet,faute,effet,corrélation,effet,provoquer,conséquence,origine,étiologie,décès,but,parler,effet,effet,causalité,effet,agir,lutte,explication,lutte,réponse,conséquence,effet,conséquence,conséquence,origine,problème,conséquence
table,chaise,ronde,chaîne,manger,chaise,plan,ici,fête,chaise,manger,repas,écharde,chaise,opératoire,chaise,,table,cuisine,chaise,repasser,pluie,rase,chaise,convivialité,ronde,repas,chaise,loi,manger,banc,chaise,assiette,ronde,,chaise,chaise,chaise,multiplication,chaise,manger,dîner,partage,chaise,assise,chaise,sale,coin,rassemblement,chaise,salon,chaise,soutien,manger,opération,tabouret,langer,assiette,manger,serviette,compter,chaise,salon,manger,aménager,chaise,poulet,repas,ronde,cuisine,pieds,chevet,restaurant,table,objet,chaise,pliable,manière,coutume,chaise,pieds,chaise,service,chaise,repas,manger,poser,chaise,repas,chaise,,ronde,,diner,réunion,chaise,mobilier,plateau,pari,chaise,cène,chaise,matière,chaise,sexe,diner,menuiserie,cuisine,assiette,chaise,manufacture,manger,support,salon,accouchement,stylo,sel,travail,maison,chevet,pied,ovale,chevalier,chaise,langer,chaise,réunion,rond,plateau,repas,multiplication,chaise,solide,chaise,réunion
toit,maison,grenier,toiture,feu,maison,protection,maison,,maison,tuile,tuile,jambe,maison,protection,tuile,moi,toit,maison,maison,clochard,maison,moi,maison,ardoise,maison,chaleur,maison,,maison,pluie,maison,chat,maison, ,maison,montagne,maison,abri,maison,chat,maison,protection,maison,protection,mur,famille,maison,chaleur,maison,pluie,maison,noël,ardoise,cheminée,plafond,haut,maison,dessin,tuile,sec,maison,étoile,maison,sécurité,maison,plat,maison,sdf,maison,bois,charpentier,chapelle,toit,abri,maison,tortue,technique,pratique,maison,tuile,maison,abri,maison,abri,maison,cheminée,tuile,cheminée,maison,protection,tuile,protection,maison,entrée,tuile,maison,émeraude,alpinisme,maison,combles,tuile,maison,couverture,cambrioleur,vue,tuile,maison,tomber,maison,protection,loger,sécurité,maison,sdf,maison,,maison,ardoise,maison,tuile,maison,tête,maison,abris,maison,montagne,jardin,protection,maison,moi,maison,domicile,maison,ciel
jeunesse,présent,possible,vitalité,inéxperience,futur,elixir,vieillesse,fleur,vieillesse,vigueur,décrépitude,devoir,nostalgie,chanson,vieux,,jeunesse,jeune,vingtaine,esprit,héros,adolescent,vieillesse,réalisation,allons,gentil,âge,fougue,vieillesse,retraite,vieillesse,bébé,innocence,coup,vieillesse,enfance,vieux,liberté,vieux,guerre,fraîcheur,début,enfance,fleur,école,ride,vieillesse,unique,avant,apprentissage,bonheur,temps,adolescence,insouciance,ignorance,minikeums,enfance,dessin,adolescent,inconscience,enfant,auberge,danser,fraicheur,ambition,possible,enfance,expérimentation,vieillesse,alcool,vieillesse,passé,jeunesse,vif,vieillesse,spontanéité,formation,éclosion,vie,joie,dynamisme,jouvence,vieillesse,jouet,vieillesse,spot,enfant,sport,vie,idéal,vieillesse,vie,enfant,dynamisme,vieillesse,courte,liberté,coronavirus,candide,liberté,adulte,liberté,liberté,beauté,chaos,liberté,vieillesse,apprentissage,vieillesse,légalité,fleur,fondement,vieillesse,,vieillesse,jeu,vieux,croissance,ride,peau,vieillesse,désabusée,vieillesse,sacrifié,insouciance,livre,vie,fougue,vieillesse,fougue,vieux,jadis,vieillesse,avenir
nord,sud,ours,sud,viking,sud,pôle,sud,pôle,sud,pôle,pôle,froid,sud,,pôle,,nord,sud,sud,magnétisme,sud,pôle,sud,froideur,sud,froid,sud,coron,sud,levant,sud,froid,pôle,haut,ouest,direction,sud,vent,sud,boussole,sud,froid,sud,droit,sud,ours,sud,VPN,sud,froid,sud,étoile,froid,boussole,haut,boussole,haut,frites,sud,navire,sud,carte,froid,,sud,ale,sud,noël,sud,inuit,sud,frites,nord,sud,sud,frites,repère,glace,sud,froid,sud,boussole,sud,boussole,sud,pole,sud,boussole,froid,,sud,polaire,sud,borée,sud,direction,direction,coron,sud,pôle,sud,pluie,sud,viking,glacier,Lille,sud,froid,sud,fiord,sud,glacier,sud,pôle,sud,adultère,viking,carte,sud,froid,sud,prudence,sud,glace,sud,manchot,sud,pole,sud,sud,sud,pôle,sud,
direction,panneau,nord,diriger,inverse,lieu,route,pôle,panneau,sens,avant,,vecteur,chemin,vecteur,sens,direction,direction,assister,sens,assister,futur,rond-point,sens,projet,sens,route,environ,guide,sens,voiture,gauche,opposée,sens,azimut,droite,décision,localisation,autorité,sens,entreprise,voie,vent,droite,trouver,passage,demander,chemin,choix,sens,indication,générale,choix,sens,assistée,sens,one,trajet,philosophie,droite,chemin,voiture,interdit,vacances,sortir,plan,artistique,sens,cap,flèche,opposition,droite,solaire,direction,lieu,,chanteur,sens,croyance,chef,aller,marche,marche,sens,guitare,droite,plan,gauche,demande,flèche,objectif,sens,boussole,chemin,choix,sens,mauvaise,sens,doigt,chemin,générale,sud,chemin,chef,argent,flèche,film,flèche,voyage,sens,PDG,sens,pouvoir,lieu,avenir,sens,groupe,one,haut,sens,sens,carrefour,vie,voyage,chemin,GPS,,chemin,cheminement,sens,one,adresse,voyage,chemin,flèche
mer,plage,sirène,vague,sel,montagne,étendue,océan,abysse,terre,fruit,plongée,,eau,calme,eau,maman,mer,terre,eau,écologie,terre,maman,océan,voie,eau,poisson,eau,horizon,poisson,boire,océan,tempête,océan,peinture,océan,bleu,bleu,surf,vague,coquillage,plage,peur,danser,profond,eau,pollution,vague,voyage,eau,carbone,océan,monde,vague,écume,océan,requin,plage,SOS,sel,grand,poisson,,plage,bateau,sable,poulpe,eau,bleue,plage,boire,vague,naturel,mer,océan,vague,moule,force,,bleue,vague,eau,récif,océan,abysse,plage,baignade,océan,marin,sable,lisse,océan,sel,plongée,mérou,eau,sel,rive,,eau,noyade,vague,vacances,méditer,migrant,océan,plage,plage,algue,ciel,iode,sel,immensité,plage,sel,océan,froid,océan,fond,oiseau,eau,sable,ivre,vague,bleue,large,bible,eau,noyade,sel,sable,océan,mouette,océan,algue
objet,rare,fabrication,sol,où,concret,matière,truc,matériel,truc,sujet,informe,matériel,chaise,décoration,chose,,objet,utile,chose,art,quotidien,truc,chose,émotion,chose,élément,truc,sujet,toucher,toucher,cube,câble,matériel,souris,truc,bien,e-mail,production,chose,idée,inerte,loisir,utile,réification,jouet,famille,truc,consommation,utiliser,prendre,stylo,personnifier,chose,mail,téléphone,truc,chose,bac,truc,homme,chose,,jouet,outil,chose,tête,utile,inerte,matériel,contact,lampe,pot,objet,chose,chose,,sujet,détection,trouvé,bien,chose,tout,chose,réifier,lampe,,rare,brocante,forme,possession,chose,ombre,stylo,,quelconque,chose,produit,regard,utile,palpable,table,placer,chose,dessein,vêtement,bibelot,e-mail,lampe,chose,complément,possession,désir,divers,femme,chose,esclave,perdu,lâche,sceau,attention,trouvé,précieux,stylo,psychanalyse,chose,utilisation,chose,valeur,chose,fabrication,chose,tout,matériel,toucher
appel,téléphone,urgence,réponse,faire,réponse,cellulaire,stage,signal,téléphone,réseau,cours,touche,téléphone,mélodie,téléphone,offre,appel,téléphonique,cri,juin,journal,sos,,pomme,décrocher,raccrocher,montagne,soulèvement,téléphone,vocal,téléphone,cordon,téléphone,cri,téléphone, ,,aide,téléphone,échange,téléphone,phare,crier,coeur,téléphone,refuser,téléphone,onde,projet,écouter,téléphone,guerre,téléphone,aide,bip,tribunal,téléphone,masqué,téléphone,justice,téléphone,alerte,répondre,besoin,demande,cri,téléphone,SOS,téléphone,embrouille,alarme,alarmant,appel,téléphone,téléphone,canular,communication,entente,téléphone,cri,téléphone,social,téléphone,général,répondre,vidéo,profondeur,mission,téléphone,demande,téléphone,sonnerie,téléphone,,,candidature,juin,débarquement,téléphone,guerre,conversation,urgence,téléphone,,sonnerie,mobilisation,allo,cours,téléphone,SOS,téléphone,demande,téléphone,manqué,téléphone,bloquer,secours,cri,téléphone,message,classe,juin,téléphone,urgence,téléphone,guerre,nombre,communication,téléphone,justice,téléphone,décrocher,téléphone,cri
lutte,sport,révolte,catch,armée,sport,révolution,olympe,grec,gagner,,grecque,idée,combat,,combat,zut,lutte,lutter,combat,tatami,combat,romaine,combat,ambition,faim,combat,combat,finale,combat,tatami,combat,catch,combat,instrument,bagarre,amour,pouvoir,jeu,judo,éradiquer,combat,épreuve,gladiateur,cause,corps,esclave,combat,pensée,classe,ouvrière,ouvrière,physique,combat,gréco-romaine,force,force,combat,femme,lutteur,cause,catch,sumo,sport,battre,bagarre,sumo,sport,combattre,bagarre,sport,combat,conviction,lutte,combat,catch,baston,vie,courage,combat,combat,combat,justice,sport,classe,sport,défendre,combat,jeu,combat,tortue,bataille,reproduction,combat,grecque,combat,sport,finale,socialisme,grecque,classes,bataille,ouvrier,sport,Grèce,combat,sumo,sport,sol,combat,grec,bataille,classes,combat,sport,combat,sumo,combat,défaite,amazone,effort,combat,art,sport,travail,combat,classes,bagarre,affrontement,combat,sport,judo,acharné,combat,violente
mari,mariage,amant,trouble,autre,femme,âme,femme,contrat,femme,homme,homme,impôt,femme,dévoué,mec,,mari,femme,mariage,tradition,femme,indépendant,épouse,rôle,femme,adultère,femme,noeud,femme,,femme,loyauté,couple,femme,femme,conjoint,femme,mairie,épouse,divorce,femme,cérémonie,femme,patriarcat,bague,divorce,femme,enfant,mariage,célébrer,femme,tradition,poids,patriarcat,dieu,foot,époux,homme,femme,impôt,femme,père,mariage,famille,époux,contrainte,épouse,blocage,femme,,femme,argent,mari,femme,femme,épouse,contrat,choix,femme,amant,époux,famille,femme,aventure,épouse,bague,femme,enfant,homme,partenaire,femme,meuble,époux,bricolage,femme,mari,époux,ancien,femme,prison,épouse,bague,épouse,alliance,amour,ami,femme,ménage,époux,mairie,femme,patriarche,femme,,femme,violent,femme,fête,femme,homme,femme,,femme,engagement,femme,alliance,femme,père,femme,,femme,domination,femme,homme
vin,blanc,tonneau,boire,dieu,raisin,gastronomie,liquide,pépin,boire,bière,tanique,fumigateur,boire,sang,verre,vient,vin,alcool,rouge,fête,soirée,rouge,alcool,amusement,verre,plaisir,boisson,côteaux,raisin,sécateur,rouge,recette,rouge,adulte,bouteille,raisin,rouge,cépage,carafe,cépage,ivresse,vendange,alcool,jus,verre,repas,alcool,culture,alcool,sulfite,boisson,culture,alcool,ivresse,alcool,sec,blanc,apéritif,rouge,soleil,raisin,gai,champagne,détente,ivresse,bois,alcool,Dionysos,alcool,rire,champagne,moment,vin,boire,rouge,,plaisir,convivialité,verre,alcool,alcool,danger,fromage,fromage,boire,bière,rouge,sud,raisin,alcoolisme,raisin,vinaigre,alcool,fête,alcool,manger,breuvage,théâtre,ivre,France,eau,fête,rouge,champagne,plaisir,dégustation,rosé,sociabilité,boisson,liège,rouge,voyage,bouteille,vignoble,alcool,cirrhose,soif,noblesse,bouteille,bouteille,eau,apollinaire,bourré,convivialité,alcool,fermentation,alcool,rouge,boire,ivresse,eau,pétillant,alcool,apéritif
rôle,théâtre,rêve,théâtre,jouer,jouer,théâtre,acteur,coulisse,cinéma,mauvais,jeu,écosystème,théâtre,modeste,jeu,,,comédien,théâtre,,théâtre,cascadeur,responsabilité,,théâtre,jeu,jeu,visage,acteur,près,jeu,personnage,jeu,ton,jeu,,théâtre,famille,jeu,théâtre,tâche,film,pièce,comédie,manager,mère,jeu,jeu,jeu,jeu,jeu,comédie,place,jeu,acteur,policier,jeu,film,actrice,sens,acteur,cinéma,acteur,film,fonction,dévotion,jeu,,acteur,jeu,actrice,principal,rôle,travail,acteur,beau,autrui,entrainement,théâtre,jeu,personnage,jeu,place,comédie,théâtre,jeu,pièce,vie,genre,théâtre,but,jeu,personnage,théâtre,acteur,pièce,social,fort,jeu,théâtre,jeu,acteur,théâtre,Scapin,film,jeu,théâtre,société,tâche,théâtre,jouer,,personnage,double,théâtre,jeu,moi,manichéen,choix,responsabilité,théâtre,masque,acteur,parental,spectacle,autorité,acteur,jeu,théâtre,social,théâtre,faux,film,jouer
horizon,lointain,espoir,paysage,soleil,ciel,mer,soleil,coucher,ligne,avenir,soleil,,voyage,réflexion,ligne,soleil,horizon,ciel,paysage,boucher,mots,vertical,futur,ambition,mer,beau,ligne,aube,ciel,voilier,lointain,bleu,lointain,nez,loin,longitude,lointain,inconnu,ciel,infini,lointain,intouchable,ligne,espoir,mer,voilier,mer,bateau,lointain,coucher,mer,avenir,paysage,loin,loin,plat,loin,bateau,mer,futur,soleil,amoureux,vacances,nature,ouest,escapade,ligne,jumelles,lointain,sombre,solaire,pluvieux,horizon,loin,ciel,perception,regard,loin,mer,loin,ligne,avenir,paysage,je,lointain,photo,loin,mer,lointain,espoir,loin,flou,soleil,possibilité,futur,loin,distance,nausée,loin,évasion,coucher,étendue,ciel,voyage,souvenir,vue,paysage,proximité,paysage,distance,ligne,échappatoire,loin,avenir,ligne,continent,loin,limite,loin,loin,mer,espoir,mer,objectif,lointain,soleil,paysage,plage,lointain,avenir,ligne,tour,mer,loin
jambe,pied,bois,course,,bras,extrémité,poulet,membre,pied,membre,bois,lent,bras,bois,bouche,pirate,jambe,bas,pied,cou,entre,amputer,bras,,pied,cuisse,pied,athlétisme,pied,béquille,droite,sciatique,courir,bois,pied,stabilité,bras,mouvement,pied,longiligne,pieds,debout,pied,liberté,main,athlétisme,pieds,compétition,corps,courir,pied,soutenir,pied,poils,pied,chaussette,bas,jupe,pied,mine,pied,tête,plâtre,déplacement,bras,claudicant,corps,stabilité,corps,bois,bras,trouble,jambe,fine,tibia,pirate,corps,déplacement,membre,membre,membre,course,pied,ennui,pied,marcher,bois,bois,corps,bois,pied,bois,marcher,basket,pied,main,membre,bois,corps,athlétisme,tibia,marcher,pied,varice,marcher,marcher,main,cassée,main,fémur,droite,cheval,pied,orthopédie,marcher,,bras,prothèse,bras,cyclisme,bras,courir,corps,homme,genou,manchot,genou,mollet,pied,mollet,pied,collant,pied,courir
page,livre,magie,savoir,mémoire,livre,papier,livre,reine,livre,tourner,blanche,perforée,livre,refermer,livre,,page,blanche,livre,blancheur,livre,,livre,pensée,feuille,livre,livre,,cahier,histoire,livre,valet,lire,sage,livre,écrit,livre,tourner,livre,marque,livre,blanche,feuille,blanche,livre,écriture,jaune,jaune,livre,texte,livre,écriture,livre,marque,numéro,feuille,livre,vie,[],thé,livre,valet,livre,histoire,livre,lecture,livre,chevalier,livre,blanche,papier,tourner,page,vide,une,tourner,support,moment,livre,marque,livre,épisode,livre,annonce,livre,lire,livre,mot,livre,possibilité,blanche,,livre,histoire,lecture,tourner,feuille,,livre,changement,blanche,début,livre,,livre,départ,livre,blanche,livre,religion,tourner,espace,livre,logiciel,livre,tourner,jaune,inspiration,format,format,papier,poète,livre,actrice,livre,numéro,livre,rédaction,livre,valet,marque,tourner,livre,tourner
fil,coutûre,funambule,mythologie,fer,rouge,bobine,aiguille,vêtement,ligne,couper,araignée,,couture,conducteur,tisser,,fil,dentaire,couture,tordre,,rasoir,aiguille,,coudre,fin,rasoir,destin,dentaire,dentaire,aiguille,soie,bobine,bouche,dent,dent,rouge,rasoir,aiguille,histoire,couture,conversation,coudre,vie,couture,téléphone,aiguille,électronique,couture,destin,laine,pensée,corde,rasoir,câble,aiguille,couture,actualité,rasoir,dent,aiguille,tricot,coudre,chemin,tissu,histoire,ligne,vie,coudre,funambule,fin,couture,fil,aiguille,couture,coup,lien,artisanat,coudre,Ariane,lien,Ariane,rouge,bobine,coudre,tissu,cuivre,tissage,téléphone,équilibriste,conducteur,électrique,eau,araignée,eau,conducteur,conducteur,labyrinthe,rasoir,dentaire,actualité,aiguille,couture,Ariane,Ariane,lien,couture,retordre,linge,lin,aiguille,création,couture,histoire,aiguille,funambule,aiguille,bave,actualité,actualité,fer,Ariane,couture,actualité,rouge,continuité,soie,couture,couture,tendu,rouge,pelote,couture,fin
soeur,amour,,,âme,frère,,frère,famille,frère,complicité,âme,soutien,frère,coeur,frère,coeur,soeur,frère,mienne,jumelle,frère,frangine,frère,rôle,frère,fille,frère,lien,frère,dispute,frère,amour,famille,dieu,frère,frère,frère,fille,frère,coeur,famille,,frère,âme,jumelle,réconfort,frère,anniversaire,famille,commun,frère,religieuse,frère,complicité,famille,soutien,sang,rivalité,frère,monastère,frère,ennemi,chiante,lien,frère,inceste,frère,parenté,frère,jumelle,nièce,ami,soeur,famille,frère,sa,famille,attachement,frère,claire,fraternité,amitié,frère,vêtement,frère,jumelle,frère,tante,sororité,amie,frère,religieuse,frère,confidente,frère,lien,âme,curé,frère,église,filiation,amour,frère,macaron,amour,amitié,lien,amitié,fratrie,filiation,frère,solidarité,frère,religion,frère,religion,frère,loup-garou,mère,jumelle,frère,pleurs,frère,sang,frère,religion,frère,fraternel,frère,religion,frère,jumelle,frère,complicité
preuve,meurtre,sorcier,évidence,trace,enquête,évidence,crime,audit,fait,irréfutable,évidence,meurtre,,vivante,dire,conspiration,preuve,indice,témoin,trois,justice,trucage,évidence,inculpation,élément,fait,démonstration,justice,doute,crime,indice,réfutable,trace,meurtre,juge,enquête,irréfutable,mathématiques,cause,enquête,fait,meurtre,police,trouver,loupe,recherche,fait,investigation,science,enquête,crime,thriller,exemple,enquête,évidence,crime,défense,inspecteur,arme,responsabilité,enquête,crime,,,indice,réponse,coupable,,évidence,indice,pensée,tangible,preuve,indice,témoin,paperasse,certitude,vérité,police,police,témoin,justice,réel,examen,évidence,procès,enquête,accusé,enquête,incriminant,enquête,crime,fait,animé,acte,démo,appui,viol,vrai,tribunal,indication,appui,police,alibi,enquête,empreinte,témoin,fausse,fait,polar,prouver,enquêter,enquête,science,police,alibi,donner,vérité,mathématiques,procès,crime,confiance,évidence,confiance,,judiciaire,évidence,police,évident,enquête,pieuvre,,indice,détective
morceau,viande,lune,viande,rap,gâteau,portion,bois,coupe,bout,musique,pièce,déchet,musique,pain,bout,pièce,morceau,pain,musique,égalité,dinde,tube,musique,,bout,bout,pièce,choix,pain,chanson,bout,viande,musique,gâteau,sucre,sucre,viande,musique,pain,partiel,partie,musique,gâteau,acceptable,pain,musique,bout,manger,part,musique,chanson,peau,bout,sucre,partie,fromage,viande,papier,bout,quart,part,disque,viande,part,gâteau,boucle,bout,bois,pain,lâcher,éclat,petit,morceau,part,pain,crotte,fragment,sélection,fromage,musique,bout,goûter,bout,viande,couper,viande,pain,gâteau,puzzle,fragment,miette,puzzle,bout,fromage,miette,pain,part,imparfait,pain,bout,bout,séparation,pain,tube,musique,viande,bout,souris,partie,composant,part,fragment,part,bout,partie,cracher,fromage,musique,bout,,verre,pain,biopsie,découper,pain,échantillon,viande,part,viande,musique,bout,reste,bout,fromage
gauche,droite,coeur,politique,communisme,droite,sens,droite,lieu,droite,maladroit,politique,permis,droite,coeur,droite,,gauche,droite,politique,extrême,droite,centre,droite,babord,droite,position,droite,maladresse,droite,politique,droite,orientation,côte,démon,droite,politique,droite,maladroit,droite,dextralité,droite,politique,main,intellect,,politique,droite,sens,sens,maladroit,droit,Valls,gaucher,ambidextre,ouest,flèche,politique,danser,droite,Amérique,droite,maladroit,droite,indication,droite,humaniste,droite,maladroit,droite,parti,droite,politique,gauche,droite,droite,politique,convention,égalité,droite,direction,sens,maladroit,droite,rouge,droite,direction,droite,politique,droite,maladroit,droite,politique,droite,coeur,droite,sens,droite,rêverie,droite,communisme,droite,socialiste,droite,communisme,tatouage,politique,ambidextre,maladroit,droite,politique,droite,socialisme,droite,parti,droite,politique,droite,bâbord,main,droite,droite,maladroit,droite,politique,droite,parti,droite,,droite,communisme,droite,politique,droite,main
doigt,ongle,crochu,main,piano,oeil,cinq,direction,empreinte,main,fée,bague,coupé,main,mariage,ongle,peut,doigt,main,ongle,griffer,pouce,pénétration,toucher,possibilité,main,pouce,ongle,soupçon,main,piano,main,bague,main,goûter,pied,cinq,main,fracture,main,petit,main,piano,main,toucher,main,hache,sexe,fiançailles,membre,toucher,index,sensation,bague,ongle,majeur,honneur,main,,ongle,tableau,main,alliance,pied,préhension,index,mariage,main,gratter,main,ongle,auriculaire,bras,doigt,main,index,nez,outil,ordre,main,piano,main,bague,main,bague,main,vernis,main,tactile,main,empreinte,main,,toucher,création,main,pied,ongle,empreinte,main,rançon,pointer,pointer,empreinte,whisky,manuel,direction,manuel,maniable,main,montrer,main,trace,main,alcool,main,pointer,cinq,sclérodermie,index,bague,pouce,lutin,bague,préliminaire,majeur,gant,nez,écrire,main,alliance,main,bague,main,pointer
garçon,fille,perdu,genre,dominant,fille,mâle,fille,,fille,manqué,,pêche,fille,manqué,fille,garçon,garçon,fille,fille,manqué,fille,transsexuel,masculin,reconnaissance,fille,homme,fille,genre,fille,,fille,fort,enfant,vieillir,fille,pantalon,fille,pouvoir,fille,genre,fille,enfant,fille,force,fille,football,fille,cartes,personne,genre,fille,sexe,fille,privilégié,dieu,,masculin,bille,fille,chanson,fille,,fille,,fille,privilège,fille,avantage,fille,bagarreur,adolescence,bébé,garçon,fille,fille,petit,choix,test,fille,homme,fille,,fille,manque,fille,,fille,football,fille,jouet,fille,,fille,ma,fille,enfant,homme,mythe,fille,homme,fille,vêtement,fille,bagarre,enfant,salopette,genre,chauve,fille,XY,fille,jeunesse,fille,serveur,fille,voiture,fille,pénis,fille,genre,fille,immature,fille,fort,fille,bagarre,fille,masculin,fille,genre,fille,construction,fille,turbulent
façon,aimer,,faire,toute,faire,,faire,construire,manière,moyen,garçon,poterie,manière,délicate,manière,maçon,façon,être,manière,sans,être,flacon,manière,éducation,manière,technique,manière,contre,manière,style,faire, ,manière,chef,faire, ,faire,maçon,manière,recette,manière,artisan,manière,forme,moyen,recette,chose,politesse,manière,moyen,faire,expertise,manière,artisanat,manière,manière,autre,garçon,façonner,éducation,manière,artisanat,manière,goût,manière,contrainte,moyen,truelle,habitude,,manière,snobisme,façon,manière,manière,garçon,attitude,présent,manière,manière,mode,être,manière,faux,faire,,mille,artisanat,manière,contrefaçon,manière,,vivre,,manière,propre,ma,technique,faire,sans,manière,manière,forme,penser,manière,art,manière,contre,manière,demande,faire,singularité,manière,,manière,,manière,art,faire,faire,manière,être,manière,,manière,multiple,,manière,manière,créer,garçon,moyen,manière,toute
chambre,lit,rêve,hôtel,soi,coucher,rêver,,latte,pièce,froide,dormir,hochet,relaxer,froide,lit,blague,chambre,dormir,repos,prison,dortoir,intime,maison,intimité,enfant,maison,lit,logis,lit,auberge,pièce,passion,jouer,travail,pot,sommeil,lit,cocon,lit,pot,lit,cocon,lit,intimité,lit,rangement,lit,,étudiant,pièce,lit,discrétion,dormir,noire,calme,sale,dormir,noire,lumière,intime,lit,cuisine,bordel,privée,lit,photo,repos,calme,lit,hôtel,lit,souvenir,chambre,pièce,lit,couette,intimité,antre,lit,pièce,repos,noir,dormir,violon,lit,cuisine,lit,veilleuse,pièce,soi,lit,hôpital,lit,secret,sommeil,maison,pièce,oreille,pièce,froide,lit,entrée,lit,rêve,cocon,repos,confort,détendu,maison,immobilier,lit,univers,lit,jouet,dormir,,lit,musique,lit,maison,lit,jaune,coucher,hôpital,repos,jardin,lit,sommeil,lit,froide,maison,intimité,dormir,confort
question,réponse,savoir,réponse,piège,réponse,interrogation,réponse,point,réponse,champion,réponse,réfléchir,réponse,apprentissage,interrogation,,question,réponse,réponse,indiscrétion,réponse,,réponse,apprentissage,réponse,interrogation,réponse,quête,réponse,réflexion,réponse,interrogation,réponse,vérité,réponse,ver,réponse,réflexion,interrogation,doute,réponse,école,phrase,suivre,réponse,classe,réponse,millions,poser,réflexion,réponse,philosophie,[],réponse,interrogation,champion,interrogation,enfant,réponse,rencontre,réponse,jeu,réponse,comprendre,réponse,philosophie,réponse,énigme,réponse,énigme,question,dubitatif,question,réponse,doute,dissertation,problème,mur,réponse,réponse,interrogation,pause,réponse,contrôle,réponse,,réponse,test,réponse,curiosité,réponse,école,réponse,doute,réponse,ambiguë,réponse,ignorer,réponse,parler,proposition,savoir,réponse,partiels,doute,réponse,réponse,difficile,réponse,philosophie,poser,réflexion,réponse,,réponse,police,réponse,curiosité,réponse,interrogation,réponse,progrès,réponse,,réponse,savoir,réponse,demande,réponse,interrogation,réponse,interrogation,réponse,curiosité
acte,théâtre,spectacle,pièce,comédie,manqué,partie,théâtre,coulisse,action,théâtre,faire,finir,décision,preuve,action,théâtre,acte,acte,pièce,fatigue,théâtre,notarial,responsabilité,,manqué,réflexion,scène,théâtre,manqué,pressé,manqué,immobilité,théâtre, ,faire,théâtre,théâtre,décision,décès,extrait,action,théâtre,orthophonie,décision,mort,amour,rapport,théâtre,faire,théâtre,sexuel,action,théâtre,état-civil,action,investigation,officiel,héroïque,actrice,théâtre,parole,paresseux,sexuel,courage,théâtre,mariage,naissance,jeu,conséquence,notariat,conséquence,remord,acte,manqué,théâtre,manqué,réalisation,je,théâtre,théâtre,geste,manque,théâtre,théâtre,sexuel,théâtre,paroles,chef,action,théâtre,naissance,théâtre,action,volonté,droit,faux,théâtre,divorce,faire,naissance,décision,théâtre,théâtre,suicide,théâtre,chapitre,théâtre,manqué,fait,épilogue,passage,théâtre,fait,théâtre,action,meurtre,théâtre,générosité,loi,loi,théâtre,médical,geste,agir,tâche,théâtre,pouvoir,affirmation,théâtre,comptabiliser,théâtre,pacte,théâtre,théâtre
rose,fleur,beauté,fleur,douleur,rouge,,pâle,pétale,fleur,amour,odorant,,fleur,amour,bleue,flamant,rose,fleur,couleur,jeunesse,fil,,fleur,gaieté,sable,cadeau,fleur,nom,flamant,téléphone,bleu,fille,fleur,niais,fleur,nuage,bleu,barbe à papa,fleur,épine,couleur,flamant,fleur,sensible,rouge,fleur,fleur,saveur,bleu,éternelle,bleu,genre,pétale,rosée,fille,panthère,fleur,fille,rose,odeur,fleur,neige,fleur,amour,fleur,cliché,fleur,bébé,rouge,lèvre,rose,organe,rose,beauté,parfum,prénom,sexe,séduction,fleur,fille,fleur,parfum,fleur,britannique,rouge,tulipe,fleur,amour,fleur,déclaration,fleur,tulipe,fleur,vent,rouge,crevette,amour,prince,fleur,féminité,fleur,amie,fleur,poème,fleur,couler,fleur,eau,bleu,octobre,fleur,poème,fleur,prénom,fleur,panthère,beige,cliché,plante,huile,prince,prince,fleur,odeur,fleur,prénom,désir,tulipe,rouge,épine,rouge,épine,fleur,saint-valentin
oncle,tante,raciste,doigt,frère,tante,famille,tante,maman,tante,père,raciste,,tante,blague,tante,,oncle,tante,famille,raciste,tante,riz,tante,rôle,tante,gentil,tante,parrain,tante,famille,tante,famille,tante,,tante,frère,tante,famille,tante,cousin,tante,noël,famille,protection,tante,frère,tante,,famille,,tante,américain,tante,famille,tante,famille,tonton,riz,tante,secret,tante,cousin,tata,,cousin,,tante,main,tante,parenté,mère,joie,oncle,tante,tante,Sam,proche,respect,tante,noël,famille,lien,tante,riz,tante,famille,tante,vacances,famille,proche,tante,,famille,pêche,tante,famille,tante,injure,tante,raciste,tante,vieux,tante,noël,famille,parrain,famille,parrain,famille,frère,tante,famille,tante,riz,tante,crier,tante,viol,tante,famille,tante,terrible,tante,Sam,tante,Amérique,tante,,tante,mafia,tante,généalogie,tante,famille
herbe,vert,insecte,fleurie,verre,pied,vert,jardin,essentielle,pousser,folle,insecte,brebis,pelouse,repos,cannabis,,herbe,verte,allergie,vent,jardin,drogue,jardin,repos,cannabis,épice,verte,germination,verte,haute,jardin,chat,rosée,fumer,vent,vert,boue,rugby,pelouse,fumer,arôme,aromatique,sol,germe,colline,équitation,plaine,,prairie,vache,verte,relaxation,verte,apprenti,verte,cannabis,verte,odeur,verte,football,fumer,football,prairie,pique-nique,prairie,joint,jardin,cannabis,arbre,marijuana,plante,fraicheur,herbe,fine,verte,marijuana,botanique,greffe,pelouse,verte,verte,vie,verte,cigarette,verte,fumer,pouce,insecte,jardin,drogue,tondre,pesticide,jardin,,verte,cour,chat,jovial,prairie,fumer,verte,odeur,pelouse,halluciner,campagne,fumer,jardinage,couper,sol,vache,verte,addiction,pelouse,mauvaise,verte,vache,champ,siffler,mer,verte,verte,début,pré,drogue,verte,aromatique,plaine,gazon,pré,cannabis,verte,herbacé,prairie,séchée
faim,manger,soif,manger,capitalisme,soif,besoin,pain,signal,soif,besoin,riz,matière,nourriture,chasse,manger,début,faim,manger,soif,loup,soif,,manger,manque,soif,fin,soif,banquet,soif,ventre,nourriture,ogre,gourmandise,loup,soif,sensation,soif,besoin,soif,satiété,soif,plaisir,manger,irriter,soif,moyens,manger,,manger,sensation,soif,réfléchir,estomac,loup,misère,Afrique,creux,envie,soif,nécessaire,sandwich,sdf,manger,pauvre,soif,besoin,soif,gargouillis,soif,estomac,nourriture,glucide,faim,pauvre,manger,maigrir,ventre,morsure,manger,gronder,manger,programme,nourriture,déception,manger,,soif,misère,manger,sensation,famine,estomac,nourriture,horrible,soif,pays,estomac,justice,nourriture,intense,boire,ventre,ventre,Afrique,nourriture,envie,gâteau,gargouiller,nourriture,estomac,loup,pauvreté,envie,besoin,manger,pauvre,soif,résister,fruit,estomac,soif,loup,manger,besoin,sensation,hormone,soif,buffet,soif,borborygme,soif,gargouiller,nourriture,dîne
école,primaire,explorer,savoir,chambre,apprendre,,maison,grandeur,enfants,apprendre,enfant,prison,éducation,jeu,,,école,élémentaire,apprendre,punition,enfance,,conditionnement,conditionnement,primaire,maîtresse,élève,,élève,chant,junior,directeur,apprendre,jeu,instruction,,lycée,apprentissage,primaire,enseignement,savoir,nostalgie,travail,prison,enfant,baguette,travail,avenir,étude,amis,enfant,vie,classe,récréation,apprentissage,professeur,primaire,souvenir,livre,goûter,enfant,maîtresse,primaire,stylo,cahier,nuage,apprentissage,prison,élève,sortie,étude,,école,éducation,collège,embrigadement,ambigu,servitude,cahier,note,éducation,intégration,scolaire,avenir,primaire,enfant,travail,loisir,apprentissage,éducation,primaire,poésie,enfant,récréation,éducation,travail,élémentaire,,enfant,fan,collège,république,enfant,goûter,enfance,cahier,institution,conjugaison,étude,mixité,apprendre,apprentissage,enfant,enseignement,étudier,facile,apprendre,harcèlement,enfant,charlemagne,université,bonheur,classe,vie,connaissance,souvenir,enfant,apprentissage,études,pensée,maison,chemin,élève,sonnerie
lit,oreiller,hôpital,sommeil,il,dormir,rêve,dodo,repos,dormir,couverture,punaise,courbature,matelas,chocolat,oreiller,dit,lit,carré,sommeil,froissé,sommeil,ressort,confort,rêve,amour,reproduction,édredon,,coucher,moderne,chambre,levé,dormir,imaginaire,coussin,bois,sommeil,mort,chevet,punaise,rêve,rêves,nuit,rêve,oreiller,rêve,oreiller,tranquillité,chambre,meuble,dormir,rivière,couette,lecture,confortable,enfant,dormir,rêve,sommier,sexe,dormir,camp,matelas,repos,coussin,blanc,sommeil,déconnexion,coussin,pyjama,mobilier,punaise,lit,coucher,drap,acarien,repos,sécurité,couette,dormir,sommeil,pause,sommeil,plume,dormir,travailler,nuit,doudou,oreiller,espace,couette,,dormir,cocon,sommeil,maison,sommeil,lit,dormir,rivière,repos,rêve,oreiller,voyage,sommeil,pause,confort,tête,dormir,paradoxal,dormir,prélasser,chambre,mort,dormir,sexe,dormir,mort,parure,drap,draps,amour,dormir,,dormir,ouvrage,sommeil,sommeil,dormir,allongé,couette,superposé,oreiller,soirée
masse,marteau,musculaire,salarial,,poids,cortège,,air,poids,lourd,forgeron,atelier,poids,bien-être,poids,détend,masse,corporelle,poids,coup,massage,nasse,poids,public,lourd,molaire,poids,arme,poids,important,objet,énergie,poids,arme,lourd,force,poids,retard,poids,marteau,tumeur,lourdeur,physique,lourdeur,corporelle,balance,arme,arme,poids,détruire,corporelle,cancer,poids,difforme,poids,balance,poids,marteau,massue,mur,poids,,poids,gros,poids,régime,poids,chantier,poids,métier,gras,gros,masse,poids,inertie,catcheur,physique,abstraction,poids,lourd,lourd,air,poids,lancer,poids,marteau,poids,espace,outil,peuple,poids,gâteau,poids,gravité,charge,lourd,volumique,pomme,lourd,cancer,matière,tumeur,physique,obèse,poids,sport,plaisir,léger,poids,arme,eau,massage,poids,tumeur,poids,physique,newton,univers,poids,poids,poids,muscle,poids,obésité,poids,physique,poids,marteau,poids,outil,poids,physique,poids,lourd
flamme,feu,calciner,feu,réseau,feu,chaleur,feu,rayonnement,feu,amour,brûlant,amour,feu,amoureux,feu,,flamme,feu,feu,amour,tout,série,feu,danse,,brûlure,feu,passion,feu,cirque,feu,briquet,feu,incendie,feu,pompier,feu,douleur,feu,pompier,feu,amour,feu,passion,feu,café,feu,steak,éteindre,pompier,feu,amour,feu,retour,feu,lance,feu,émission,feu,Cro-Magnon,feu,amour,amour,brûler,feu,,feu,passion,feu,amour,braise,folie,flamme,feu,feu,illumination,chaleur,mystère,feu,préhistoire,feu,désir,feu,passion,feu,briquet,feu,pompier,feu,relation,feu,série,feu,passion,feu,rouge,désir,,feu,lance,feu,bois,briquet,série,feu,amour,eau,amour,feu,entropie,désir,animé,feu,amour,feu,amour,feu,volonté,feu,feu,feu,passion,feu,intérieure,feu,barbecue,feu,brulure,feu,bleue,feu,brûler,feu,enfer
lèvre,bouche,coeur,bouche,rouge,bouche,pulpeuse,visage,bisou,bouche,bisou,fendue,coquillage,bisou,,bouche,,lèvre,bouche,bouche,petite,bouche,vulve,bouche,image,bisou,baume,bouche,baiser,bouche,gercée,bouche,baiser,bouche,cratère,moustache,rouge,bouche,visage,bouche,gerçure,bouche,baiser,bouche,sensualité,visage,maquillage,bouche,sexe,bouche,sensation,bouche,sensation,gercée,rouge,charnue,rose,rouge,parler,labium,cinéma,bouche,chirurgie,bouche,bisou,bouche,érotisme,bouche,moitié,bouche,bisou,muqueuse,douceur,lèvre,pulpeuse,bouche,bisou,pulpeuse,désir,bouche,embrasser,bouche,embrassade,bouche,rouge,gloss,nez,bouche,paille,bouche,vulve,bisou,,,sourire,bouche,visage,supérieure,épilation,bouche,pulpeuse,rouge,manger,bouche,herpès,baiser,langage,bouche,commissure,bouche,supérieure,embrasser,ouverture,bouche,maquillage,bisou,sexe,plaisir,anatomie,bouche,pulpe,sourire,gourmande,bisou,discuter,baiser,muscle,bouche,bisou,bouche,charnue,chèvre,câlin,bouche,mordre
passage,étroit,secret,piéton,secret,côté,étape,chemin,trou,rue,secret,retour,trace,piéton,jeu,traversée,transcendance,passage,étroit,chemin,interdiction,train,sous-terrain,vie,vie,allée,allée,ouverture,raccourci,piéton,scène,étroit,terminale,étroit,éveil,couloir,labyrinthe,rapide,transmission,piéton,ferré,mouvement,transition,chemin,transition,piéton,surréalisme,route,obligation,endroit,mouvement,rue,discrétion,provisoire,couvert,chemin,étroit,chemin,temps,rue,dimension,piéton,secret,trottoir,raccourci,ruelle,acte,couloir,foule,chemin,étroit,route,paradis,passage,niveau,étroit,vide,épreuve,destin,couloir,souterrain,temporaire,vie,chemin,panorama,route,souterrain,piéton,pavé,chemin,porte,ruelle,interdit,chemin,ouverture,ruelle,étroit,chemin,col,chemin,ruelle,pont,évolution,lieu,Berlin,tunnel,instant,allée,court,chemin,labyrinthe,souterrain,transition,lieu,lieu,chemin,,voyage,rite,Brady,rue,piéton,mort,piéton,apprentissage,souterrain,représentation,chemin,porte,clouté,transition,rue,étroit,chemin,caché
principe,valeurs,aboli,axe,déconstruction,morale,,premier,habitude,étude,règle,regard,éducation,loi,valeurs,droit,prince,principe,principe,valeurs,hypocrisie,organisme,aucun,valeurs,action,,thermodynamique,idéal,commencement,droit,conviction,théorème,valeurs,moral,pretentieux,valeurs,valeurs,importance,précaution,but,valeurs,loi,code,manière,rigueur,règle,mathématiques,courage,force,code,code,loi,théorie,valeur,accord,honneur,fait,vie,mathématiques,idée,science,sujet,loyauté,valeur,,théorie,obtu,fonctionnement,théorème,respect,explication,valeur,folie,principe,idée,loi,thermodynamique,fondement,commencement,règle,conviction,valeur,éthique,valeur,conséquence,,valeur,morale,base,habitude,arrêté,méthode,règle,règle,dépasser,droit,vie,participe,contredire,règle,,valeur,envie,axiome,inamovible,moral,concept,,théorie,action,,honnêteté,mathématiques,hypothèse,moral,règle,,idée,concis,effet,effet,linéaire,exception,règle,vie,théorie,mathématiques,règle,logique,loi,mathématiques,inviolable,fondamental,droit,
sens,direction,,cinq,musique,direction,chemin,droit,,direction,commun,vers,rond-point,toucher,vibration,direction,,sens,être,ouïe,trouble,non,aucun,sensation,,inverse,cinq,sentiment,sixième,odorat,interdit,orientation,éveil,odeur,veille,goût,décision,direction,vie,direction,dictionnaire,direction,vie,interprétation,parallèle,sensualité,superposition,vie,perception,direction,signification,toucher,cerveau,ouïe,interdit,direction,renifle,cinq,GPS,direction,trigonométrie,odorat,idiot,ouïe,vie,clair,croyance,direction,explication,odorat,position,vie,vie,sens,avis,nihilisme,gauche,raison,accord,odorat,cinq,odorat,partout,direction,organoleptique,vue,gout,odorat,direction,odorat,voie,vecteur,plan,ressentir,karma,direction,ambiguë,signification,aventurier,route,cinq,signification,signification,odorat,sixième,utilité,lucidité,toucher,sixième,direction,vecteur,olfactif,cinq,signification,goût,direction,,vision,haut,critique,direction,direction,toucher,ville,aveugle,goût,flèche,circulation,position,direction,vie,envers,important,vie,objectif
habitude,ennuyant,bousculer,calme,habitus,mauvaise,,ménage,respirer,routine,mauvaise,douche,courir,rituel,mensonge,habitus,habiter,habitude,habituel,routine,lassitude,quotidien,encore,manie,réalité,manière,procédé,,monotonie,rituel,matinale,trop, ,routine,chanson,souvent,constance,loisir,régularité,usuel,vieux,tradition,religion,,rituel,déjeuner,cigarette,toujours,,routine,routine,lent,répétition,courant,banal,souvent,danger,quotidien,chanson,routine,manger,routine,extraordinaire,sortir,,usuel,ennuyant,coutumes,,routine,répétitif,monotone,confinement,habitude,répétition,oubli,pare,structure,jour,us,,routine,us,routine,changement,dormir,,quotidien,maison,routine,enfermé,routine,dent,manger,chocolat,journée,matin,mauvaise,changement,répétition,mauvaise,routine,routine,routine,dépression,confort,travers,quotidien,bonheur,maison,entrainement,routine,confort,routine,caractère,vie,vieux,hobby,las,usure,usure,mauvaise,quotidien,faire,quotidien,faire,immuable,plaisir,récurrence,,routine,sortir,changer,coutume,parler
passion,destruction,désir,fruit,vie,sport,animer,aimer,,,fruit,fruit,,sport,folie,amour,adultère,passion,loisirs,fruit,brève,amour,sexe,goût,ambition,amour,fruit,sentiment,coeur,désir,envie,amour,fruit,amour, ,amour,volonté,désir,fruit,fruit,désir,travail,vie,fruit,animer,fruit,île,amour,figurine,hobby,errer,loisir,christ,fruit,ardeur,amour,fruit,flamme,fruit,feu,secret,amour,fruit,amour,excès,amour,art,fruit,brûler,sentiment,fruit,amour,folie,passion,envie,fièvre,énergie,instinct,ardeur,désir,amant,amour,saut,sentiment,religion,manger,,coeur,,amour,raison,amour,fruit,amour,beauté,désir,,flamme,mépris,amour,fruit,métier,rouge,fruit,île,vie,fruit,fruit,,hobby,cinéma,amour,dépendance,hobby,aimer,hobby,fruit,fruit,aliénation,fruit,fruit,amour,mari,désir,investissement,art,fruit,envie,ex,amour,fruit,raison,sacrifice,flamme,éphémère
désir,sexe,espace,sexuel,absence,amour,amour,vouloir,preuve,envie,passion,plaisir,manger,sexuel,faim,amour,,désir,vouloir,frustration,soudain,envie,pulsion,envie,rêverie,passion,amour,amour,souffle,passion,intérieur,amour,interaction,fantasme,violence,amour,jalousie,envie, ,amour,passion,envie,souffrance,envie,passion,sexe,modèle,sexe,nourriture,envie,restriction,joie,humain,envie,souhait,volonté,chocolat,plaisir,frisson,amour,envie,sexualité,feu,amour,besoin,envie,jalousie,envie,soif,envie,chocolat,libido,vie,désir,envie,esclave,propagande,bestialité,attirance,envie,passion,envie,coeur,envie,noir,plaisir,,envie,lit,flamme,volonté,amour,,envie,pulsion,volonté,sport,libido,violence,passion,sexe,plaisir,plaisir,sensualité,philosophie,sexe,envie,passion,ordre,volonté,intense,sexe,envie,envie,caché,envie,argent,volonté,sexe,faim,réalité,faim,,envie,amour,amour,chanteur,envie,rêve,volonté,noir,flamme,éphémère,envie,amour
larme,tristesse,phoenix,joue,,couler,émotion,pleurs,joie,oeil,goutte,sel,risque,pleurs,joie,oeil,crime,larme,tristesse,eau,crocodile,crocodile,sel,tristesse,émotion,mouchoir,mouchoir,pleurs,mélancolie,oeil,joie,yeux,sourire,pleurs,lac,joue,lacrymogène,pleurs,potion,pleur,tristesse,pleurs,bonheur,pleurs,lac,pleur,chagrin,eau,sel,pleurer,eau,tristesse,déception,salée,sel,goutte,joie,pleurer,guerre,triste,guérison,pleurer,sang,pleurer,tristesse,triste,joie,tristesse,sang,tristesse,rire,joie,tsunami,larme,pleurs,oeil,rire,réaction,choc,pleurer,tristesse,pleurs,crocodile,triste,oenologie,pleurer,salé,eau,oignon,oeil,sel,triste,pluie,pleurer,émotion,pleurs,joie,émotion,cancer,tristesse,salé,pleurs,tristesse,oeil,sel,pleurs,tragédie,émotion,sel,pluie,canal,pleurer,désespoir,pleurs,peu,tristesse,goutte,pleurer,sel,oeil,eau,deuil,crocodile,pleurer,tristesse,triste,salé,oeil,tristesse,pleurs,sel,couler,salé,pleurer,émotion
vache,tâche,peau,champs,police,tâche,,pré,ruminant,pis,ferme,salon,soja,lait,jouet,lait,lait,vache,laitière,animal,yeux,lait,salaud,ferme,chocolat,veau,lait,veau,campagne,lait,méchant,veau,mouton,normande,insulte,lait,brouter,chèvre,élevage,veau,tâche,agriculture,lait,animal,sacrée,lait,exploitation,lait,chocolat,agriculture,veau,lait,insulte,animal,lait,milka,village,lait,fromage,lait,hublot,campagne,lapin,animal,fromage,lait,tapis,lait,méchanceté,animal,bruit,prairie,massive,vache,animal,lait,pie,ruralité,,ferme,lait,lait,ferme,lait,ferme,mouton,herbe,lait,train,lait,tâche,corne,,prairie,cloche,animal,boeuf,veau,chocolat,lait,grosse,campagne,tache,lait,cuir,lait,grosse,animal,chocolat,animal,diduction,lait,domestication,animal,lait,ferme,pie,cloche,fumier,lait,lait,lait,fromage,viande,culture,animal,estomac,lait,viande,lait,méchant,lait,rumen,lait,fromage
début,fin,conte,fin,vision,fin,or,fin,milieu,fin,matin,commencement,,fin,histoire,fin,,début,fin,fin,naissance,fin,retour,fin,naissance,fin,commencement,fin,prologue,fin,inconnu,fin,éden,fin,suite,fin, ,fin,big-bang,fin,relation,naissance,naissance,fin,genèse,fin,film,fin,tout,commencement,introduction,fin,naissance,fin,commencement,rencontre,un,commencement,fin,fin,bas,fin,,commencer,histoire,fin,monde,fin,fin,fin,,prémices,heureux,début,fin,fin,cycle,démarrage,temps,fin,commencement,commencement,création,fin,,fin,commencer,fin,ligne,fin,renouveau,fin,naissance,fin,naïveté,fin,milieu,fin,générique,fin,éclosion,fin,commencement,fin,histoire,commencement,pas,histoire,couverture,fin,incipit,fin,création,fin,commencement,fin,naissance,fin,naissance,fin,fin,fin,histoire,fin,initiative,fin,,fin,genèse,fin,création,fin,commencement,fin,histoire
pierre,grand-père,résurrection,feuille,feuille,feuille,rocher,feu,quartz,caillou,mousse,ciseaux,angle,rocher,bijou,caillou,jean,pierre,feuille,prénom,molle,ami,mythe,feuille,nature,feuille,rigide,caillou,église,feuille,tombeau,mousse,ciseaux,rocher,feu,mousse,matériau,caillou,érosion,roc,montagne,précieux,prénom,feuille,roule,tombe,vestige,gris,église,prénom,prénom,ciseaux,ancêtre,galet,mousse,caillou,feuille,gris,feuille,golem,récréation,caillou,préhistoire,précieux,rare,caillou,plante,caillou,lance,ricochet,roche,granit,grotte,pierre,objet,rouler,oiseau,nature,arme,caillou,,caillou,coups,caillou,feuille,dur,prénom,feuille,mousse,roche,coup,caillou,chanteur,granit,terre,roche,parement,mousse,rebond,dur,suret,feuille,caillou,caillou,bijou,maison,caillou,ciseaux,bague,ciseaux,sol,feuille,,rocher,construction,feuille,,feu,sculpteur,rose,rose,mousse,ciseaux,feuille,bâtiment,mur,prénom,argile,lourd,montagne,minéral,anguleux,mousse,dur,joyau
visage,cou,picasso,froid,sans,personne,identité,bouche,haut,nez,humain,yeux,onde,sourire,reflet,yeux,,visage,yeux,sourire,ingrat,beauté,chirurgie,identité,expression,tête,masque,yeux,humain,yeux,identification,yeux,tête,traits,caractère,dent,portrait,nez,masque,face,masque,sourire,sourire,oeil,âme,femme,,oeil,beauté,tête,émotion,bouche,reconnaissance,,beauté,tête,face,tête,masque,sourire,reste,oeil,miroir,oeil,expression,face,lifting,tête,miroir,oeil,émotion,doux,joli,visage,beauté,,postillon,identité,autre,face,beauté,,communication,face,masque,oeil,expression,oeil,masque,oeil,identité,sourire,reconnaissance,être,tableau,sourire,reflet,ovale,jugement,tête,beauté,masque,identité,face,honte,identité,trait,nez,harmonie,expression,prognathe,face,singularité,tête,masque,oeil,portrait,tête,vérité,face,glace,peau,ange,identité,identité,face,mannequin,oeil,vision,tête,symétrie,larme,face,tête,caché
arbre,fruit,cogneur,vie,généalogique,forêt,sève,buisson,verdure,feuille,généalogique,fruit,papier,feuille,cabane,feuille,,arbre,fruitier,peuplier,oxygène,dehors,racine,feuille,symbole,tronc,verdure,feuille,vie,fruit,sève,forêt,incendie,feuille,nid,fruit,air,vert,respiration,forêt,vie,plante,oxygène,feuille,vie,feuille,écureuil,feuille,campagne,forêt,photosynthèse,tronc,racine,écorce,branche,tronc,feuille,vert,éléphant,feuille,incendie,chêne,feuille,forêt,oxygène,chêne,marqueterie,forêt,ciel,nature,oxygène,tronc,environnement,arbre,lieu,feuille,trans,expérience,ancienneté,feuille,feuille,buisson,généalogie,nature,phloème,verdure,papier,feuille,oxygène,vie,fondation,feuille,,foret,charpente,végétation,marron,branche,serpent,feuille,généalogique,feuille,nature,feuille,érable,forêt,ombre,feuille,automne,plante,stomate,vert,vie,forêt,tronc,feuille,tronçonneuse,buisson,stabilité,bois,forêt,feuille,roseau,feuille,ozone,feuille,,végétal,végétation,planter,papier,feuille,racine,feuille,robuste
position,confort,boussole,létale,classement,emplacement,localisation,assis,verticale,lieu,gps,assis,singulier,assis,,point,,position,bien,assis,,assis,levrette,,figé,lieu,partage,endroit,hiérarchie,coucher,hiérarchie,droite,assis,corps,opinion,mal,décision,lieu,carte,place,emplacement,espace,univers,cible,avis,debout,carte,,sexe,endroit,parti,latérale,hiérarchie,hiérarchie,pouvoir,emplacement,classement,assise,haute,allongé,risque,GPS,yoga,assise,,droit,,géographique,avis,debout,lit,latéral,latérale,position,lieu,debout,,lieu,habité,dos,posture,lieu,affirmation,place,local,assis,sexuelle,latérale,pole,place,appartenance,emplacement,carte,lieu,point,droit,hiérarchie,sociale,lombalgie,arrangement,sociale,assis,apparence,course,,rôle,corps,direction,envers,posture,tripode,sexuelle,conviction,sexe,sexe,opinion,,ici,sexe,pole,droite,boussole,cheval,sexe,rotation,debout,localisation,direction,vis,placement,pôle,vertical,allongé,assis,allongée
avis,important,,demande,mensonge,opinion,conviction,mère,culture,donner,opinion,contre,oiseau,opinion,tranché,point,,avis,réponse,opinion,bavard,opposition,prétention,opinion,automobile,voiture,idée,opinion,discutable,décision,réponse,positif,passage,opinion,intérêt,réponse,position,opinion,tranché,opinion,débat,opinion,caractère,conseil,idée,réaction,location,idée,opinion,opinion,propre,opinion,voter,opinion,critique,réponse,note,positif,internet,opinion,droite,opinion,contre,opinion,expression,opinion,voiture,opinion,,opinion,formulaire,opinion,proposition,avis,réponse,opinion,croyance,opinion,doute,opinion,opinion,question,pluralisme,questionnaire,voiture,positif,,étoile,commentaire,opinion,jugement,,recherche,opinion,avisé,conseil,note,pensée,taire,subjectif,con,opinion,entente,idée,voiture,humilité,regard,critique,chiant,question,politique,décision,pensée,importance,voiture,opinion,impôt,impôt,expertise,publicité,commentaire,opinion,subjectif,voiture,réflexion,voiture,voiture,entreprise,demande,opinion,étude,mémoire,commentaire,opinion,tripadvisor
