cues,p_23,p_24,p_25,p_26,p_27,p_28,p_29,p_30,p_31,p_32,p_33,p_34,p_35,p_36,p_37,p_38,p_39,p_40,p_41,p_42,p_43,p_44,p_45,p_46,p_47,p_48,p_49,p_50,p_52,p_53,p_54,p_55,p_56,p_57,p_58,p_59,p_60,p_61,p_62,p_63,p_64,p_65,p_66,p_67,p_68,p_69,p_70,p_71,p_73,p_74,p_76,p_77,p_78,p_79,p_80,p_81,p_82,p_83,p_84,p_85,p_86,p_87,p_88,p_89,p_90,p_91,p_92
machine,laver,écrire,laver,industrie,écrire,laver,production,fer,machine,robot,fumée,outils,laver,rouage,robot,guerre,robot,robot,homme,café,technologie,rouages,couture,chose,humain,roue,écrire,continue,fonctionnement,ordinateur,robot,ménage,écran,ordinateur,écrire,fer,machine,bête,industrie,outil,robot,rouage,écrire,robot,robot,écrire,écrire,recherche,laver,fabriquer,laver,métal,progrès,développement,robot,coudre,outil,ordinateur,robot,Learning,écrire,écrire,écrire,outil,robot,animal,automatique
machine,dinosaure,temps,complexe,automatique,coudre,minéraux,corps,machin,pain,arrière,transformer,possibilité,coudre,artificiel,bruyant,ordinateur,intelligence,nan,sport,lessive,futur,métabolisme,voiture,aujourdhui,industrie,robot,mécanique,hit,temps,film,ouvrier,utile,club,Turing,laver,auto,objet,accoutumance,risque,ingénieur,IA,dieu,voiture,rouage,automate,truc,cerveau,traitement,temps,vapeur,usine,coudre,robot,vapeur,écrire,fabriquer,écrire,futur,laver,turbo,animal,futur,éléphant,nan,truc,révolution,futur
rapport,sexuel,envie,sexuel,cours,stage,sexuel,écrit,dossier,rapport,sexuel,force,compte-rendu,terre,relation,écrit,feuille,dossier,protéger,nuit,stage,lien,écrit,sexe,papier,lien,division,dossier,acte,analyse,sexe,stage,nan,dossier,sexuel,sexuel,feuille,rapport,corrélation,ratio,lien,lien,papier,humain,sociaux,dossier,dossier,lien,écriture,dossier,échange,dossier,dossier,connexion,lien,lien,relatif,écrit,feuille,sexuel,sexuel,stage,loi,écrit,bilan,lien,sexuel,compte-rendu
rapport,temps,balance,autopsie,notice,relation,aucun,calcul,nan,mathématiques,nan,ministériel,social,force,nan,brouillé,complet,individu,connaître,rendu,lien,lien,lien,projet,travail,devoir,mathématiques,domination,synthèse,compte,latex,policier,lien,intimité,logique,nan,entreprise,report,division,ensemble,lien,nan,amour,hiérarchie,électrique,personnes,nan,causalité,rendu,collaborateur,vitesse,rapprochement,aucun,lien,aucun,force,mesure,sexuel,nan,relation,nan,incident,inter-personnel,force,lien,synthèse,relation,synthèse
genre,féminin,sexe,masculin,mâle,féminin,féminin,féminin,étude,genre,féminin,féminin,sexe,sexe,féminin,sexe,masculin,sexe,femme,flou,féminin,type,sexe,femme,femme,classe,sexe,trans,type,mixte,sexe,féminin,sexe,sexe,film,féminin,femme,genre,domaine,société,femme,identité,féminin,femme,sexe,fluide,nan,sexe,femme,social,sexe,neutre,masculin,constructionsociale,masculin,nom,sexe,sexe,sexe,sexe,sexe,féminin,sexe,femme,nombre,vague,féminin,sexe
genre,littérature,mystère,nouveau,neutre,sexe,débat,croyance,expression,sexe,exemple,expression,critère,transsexuel,relatif,comédie,type,rôle,binaire,type,féminisme,littéraire,hétéroclite,indéfini,lutte,binaire,conservatisme,non-binaire,sexe,sexe,variété,espèce,identité,ouverture,nan,roman,livre,féminin,préjugé,ressentiment,sexe,sexualité,comme,nan,manifestation,façon,sexe,nan,ambiguë,trouble,vice,neutre,tic,caractère,pronom,film,style,absence,nan,classification,fille,transformation,Trans,nombre,type,mauvais,questionnement,style
jardin,vert,fleur,forêt,herbe,cour,herbe,arbre,vert,jardin,vert,herbe,fleur,herbe,potager,fleur,fleur,florissant,arbre,vert,pelouse,nature,vert,herbe,plante,plante,été,hérisson,verdure,potager,bêche,fleur,fleur,herbe,potager,balançoire,verdure,jardin,fleur,sérénité,maison,parc,fleur,maison,fleur,fleur,plante,verdure,verdure,cultiver,vert,herbe,herbe,campagne,vert,prairie,nature,maison,plante,pluie,herbe,clôture,maison,herbe,fleur,fruit,fleur,plante
jardin,nan,voltaire,secret,air,enfant,feu,nan,nan,herbe,beauté,piscine,famille,tondeuse,français,travail,potager,insecte,fruit,arrosage,insecte,nain,cultiver,jeux,arrosage,propriété,voltaire,arbuste,nan,nain,balançoire,tondeuse,joli,anglais,cabane,repos,plante,beau,limace,loisir,jeu,patrimoine,campagne,balançoire,nain,verdure,nain,pis,jaune,candide,évasion,balcon,ginkgo,danse,cactus,barrière,cultiver,potager,terre,football,herbe,fraîcheur,Eden,secret,herbe,Eden,cultiver,potager
rayon,soleil,uv,soleil,soleil,soleil,source,soleil,action,rayon,soleil,magasin,soleil,soleil,diamètre,x,soleil,magasin,laser,laser,disque,soleil,soleil,diamètre,soleil,lumière,supermarché,supermarché,soleil,couleur,UV,vélo,diamètre,diamètre,cercle,cercle,solaire,rayon,soleil,géométrie,cercle,endroit,lumière,magasin,lumineux,soleil,vélo,cercle,magasin,disque,soleil,soleil,UV,magasin,périmètre,soleil,lumière,diamètre,cercle,miel,rapporteur,soleil,soleil,soleil,soleil,soleil,soleil,solaire
rayon,espace,disque,roue,signal,supermarché,uranium,entourage,griffonner,soleil,radio,vélo,nan,lumière,miel,supermarché,diamètre,laser,soleil,planète,magasin,cercle,prénom,vélo,miel,miel,diamètre,soleil,diamètre,soleil,consommation,lune,faisceau,cancer,diamètre,fromage,jubile,lumière,bicyclette,rapport,vélo,cercle,diffraction,diamètre,course,vélo,lumière,supermarché,soleil,expert,diamètre,soleil,vélo,cosmétique,diamètre,courbure,choix,vélo,cercle,superman,supermarché,chaleureux,mathématiques,infrarouge,cercle,X,magasin,roue
colline,montagne,espace,montagne,montagne,mont,herbe,montagne,mont,colline,mont,yeux,prairie,siffler,mont,montagne,montagne,montagne,montagne,montagne,montagne,nature,comté,herbe,herbe,paysage,dune,relief,falaise,montagne,montagne,montagne,montagne,falaise,vallée,montagne,chameau,colline,prairie,pente,montage,mont,onde,montagne,yeux,montagne,campagne,paysage,montagne,mont,yeux,montagne,dune,montagne,yeux,montagne,montagne,paysage,montagne,paysage,montagne,yeux,montagne,montagne,sursaut,pré,montagne,dune
colline,yeux,espace,monticule,horizon,verte,nan,balade,nan,hauteur,prénom,horizon,rêverie,dune,vallon,verdure,fleur,prénom,film,luge,paysage,descente,cacher,roulade,vélo,géographie,art,Windows,montagne,yeux,minecraft,fille,nature,yeux,dévaler,vert,planète,montagne,rouler,diversion,nan,nan,onde,ski,paysage,écran,herbe,luge,obstacle,bleue,yeux,randonnée,yeux,paysage,hauteur,nature,randonnée,montagne,coq,rouler,bosse,montagne,épreuve,randonnée,hauteur,yeux,vallée,bosse
chien,chat,chat,chat,chat,chat,croquette,chat,chat,chien,chat,chat,chat,chat,chat,chat,chat,chat,chat,chienne,chat,chat,chat,chat,chat,animal,chat,animal,animal,aboyer,laisse,chat,méchant,chat,chat,chat,corbeau,chien,chat,domestication,chat,animal,chat,chat,chat,patte,chat,chat,chat,compagnie,chat,chat,chat,affection,attachant,chat,chat,chat,chat,chat,animal,chat,chat,chat,chat,chat,chat,chat
chien,guide,ombre,ami,niche,aveugle,jouer,compagnie,puce,chat,temps,fidèle,famille,animal,ami,rage,balle,enfer,poil,promenade,griffe,aveugle,fidèle,laisse,chasse,patte,disney,bave,pâté,chat,confinement,rage,rage,réponse,ami,morsure,homme,chat,pitbull,ami,os,garde,loup,croquette,crotte,ami,nan,loup,animal,nan,fidèle,laisse,nan,mouillé,odeur,compagnon,fidélité,compagnon,bave,os,aboiement,fidèle,ami,couleur,aboiement,dingo,domestique,fidèle
peau,grain,aire,poil,cuir,barrière,douce,vêtement,beige,peau,épiderme,joie,nan,bronzage,épiderme,corps,corps,douce,blanc,nue,beige,épiderme,douce,soleil,beige,cellule,clair,doux,protection,couleur,cancer,blanche,bronzage,bouton,corps,corps,muqueuse,peau,poli,protection,corps,humain,corps,organe,douceur,surface,épiderme,contact,cellule,chagrin,bronzé,pore,dermatologie,enveloppe,lisse,derme,douce,corps,bouton,chair,tache,pli,épiderme,toucher,fleur,corps,fine,épiderme
peau,nan,tatouage,couleur,chaleur,fleur,poil,couverture,peau,peau,caresse,enveloppe,couverture,douceur,caresse,sèche,cancer,cellule,couleur,brûlure,lisse,couleur,barrière,plage,transpiration,couche,interaction,ride,crème,doux,métal,rôtir,teint,organe,contact,couleur,marron,couleur,chagrin,nan,organe,camouflage,texture,blanche,crème,barrière,chagrin,carapace,soleil,boucler,noire,aspect,dermatose,toucher,orange,barrière,enveloppe,bête,bactérie,pli,soleil,pêche,barrière,volupté,protection,tatouage,bronzage,tatouage
mur,plafond,obstacle,plafond,maison,sol,salpêtre,maison,brique,mur,brique,parpaing,sol,blanc,parpaing,brique,maison,bloc,prison,murmure,brique,salle,maison,toit,béton,maison,brique,vertical,séparation,plafond,brique,séparation,peinture,toit,bâtiment,blanc,blanc,mur,cogner,frontière,maison,stop,brique,toit,brique,obstacle,coin,cloison,pierre,mature,porte,brique,béton,Berlin,dur,brique,mature,maison,brique,cuit,dur,brique,appartement,haut,ascension,brique,blanc,brique
mur,son,guerre,façade,séparation,brique,casser,séparation,précoce,béton,frontière,cassis,nan,maison,chute,glace,dos,peint,prison,obstacle,poule,bruit,silence,tableau,ville,bâtiment,rupture,son,dur,escalader,séparé,prison,prison,dessin,barrière,solide,dur,barrage,son,soi,framboise,apartheid,baguette,brique,escalade,frein,framboise,frontière,obstacle,adolescence,gravir,bloquer,portugais,stop,Facebook,béton,blocage,maçon,dur,portugais,dur,son,obstacle,enceinte,obstacle,fruit,frontière,obstacle
science,curiosité,vie,biologie,astronomie,étude,vie,naturelle,cognitive,science,recherche,neurone,recherche,direct,savoir,infuse,mathématiques,logique,astronomie,long,physique,futur,expérience,cerveau,vert,progrès,laboratoire,calcul,vérité,expert,technologie,mathématiques,mathématiques,mathématiques,recherche,psychologie,cerveau,science,fondamentale,rationalité,vie,domaine,chimie,médecine,savoir,rocket,recherche,étude,recherche,dure,découverte,technique,vie,recherche,humaine,solution,découverte,recherche,expérience,savoir,occulte,mathématiques,médecine,sociale,connaissance,recherche,cognitive,vie
science,magie,dépassement,progrès,théorème,conscience,absolue,maladie,étonnante,science,humaine,junior,nan,raison,paradigme,microbe,dur,astrologie,savoir,recherche,humaines,film,avancer,cortex,études,évolution,religion,biologie,nature,espace,univers,vaccin,savoir,trouvaille,preuve,concours,émotion,futur,vulgarisation,réglage,médecin,intelligence,bécher,terre,sport,paradigme,microscope,quantique,difficile,réponse,nan,étude,explosion,art,école,fiction,compréhension,origine,compliqué,autorité,art,confiance,religion,inexact,idée,Nobel,religion,espace
enfant,période,nan,futur,petit,bébé,pleurs,parent,petit,enfant,petit,bambin,nan,petit,jeune,petit,adulte,parents,petit,bébé,parent,adulte,âge,main,dieu,adulte,parent,petit,Pokémon,nan,bêtise,parent,maman,couche,parent,adolescent,joie,enfant,bébé,début,famille,jeune,famille,adulte,jeune,vie,petit,jeune,grossesse,naissance,jeune,parent,jouet,bébé,sage,adulte,jeune,parent,adulte,pédiatrie,dessin,bébé,parent,parent,adulte,jeune,petit,bébé
enfant,nan,connexion,marmot,adolescent,jouer,habit,cadeau,nan,bébé,rire,adulte,apprentissage,ennui,commencement,coquin,jeu,caprice,bonbon,découverte,psychomotricité,sagesse,fragile,casquette,école,jouer,développement,élever,jouet,question,blond,éducation,obligation,imagination,innocence,couple,chat,petit,apprenant,nécessité,cri,amour,innocence,âge,vieux,possibilité,lait,pleurs,petit,rose,amour,régression,bronchiolite,avenir,mignon,descendant,innocence,jeu,pleurs,imagination,joie,union,avenir,arbre,petit,lait,éducation,mignon
lune,ciel,soleil,miel,soleil,miel,ciel,soleil,soleil,lune,nuit,pleine,nuit,ciel,soleil,ciel,soleil,nuit,soleil,terre,ciel,nuit,espace,ciel,soleil,espace,soleil,croissant,loup,ronde,nuit,ciel,soleil,ciel,astre,soleil,saturne,nan,terre,nuit,nuit,astre,soleil,soleil,nuit,soleil,soleil,ciel,soleil,satellite,ciel,miel,espace,nuit,soleil,nuit,miel,soleil,terre,miel,ciel,soleil,soleil,croissant,espace,soleil,ciel,soleil
lune,prince,poésie,astre,astéroïde,miel,cratère,poésie,plombier,lune,cinéma,loup-garou,lumière,viser,sorcellerie,étoile,fusée,voyage,nuit,gravité,croissant,mission,ailleurs,chine,américains,voyage,nan,miel,miel,astronaute,cinéma,clown,nuit,miel,illuminer,croissant,beauté,étoile,trous,nan,croissant,espace,miel,croissant,planète,féminité,loup,mission,astre,fesses,voyage,miel,fesses,rêve,périmètre,Encelade,distance,fesses,rêver,visage,astrologie,Charles,astre,spiritualité,nuit,astre,astre,rêve
cause,défendre,effet,animale,problème,effet,débat,conséquence,conséquence,cause,juste,effet,conséquence,effet,idéal,nan,effet,effet,conséquence,conséquence,conséquence,conséquence,conséquence,conséquence,raison,effet,animale,effet,conséquence,conséquence,conséquence,effet,nan,raison,conséquence,conséquence,mortalité,cause,conséquence,explication,conséquence,raison,conséquence,conséquence,effet,problème,conséquence,problème,effet,conséquence,solution,effet,effet,raison,effet,effet,effet,conséquence,étiologie,but,effet,causalité,agir,explication,réponse,effet,conséquence,problème
cause,nan,nan,idée,solution,lien,dissertation,imprévisible,parle,humanitaire,victime,parle,phénomène,effet,juste,nan,pourquoi,action,début,raison,pollution,climat,enchaînement,moteur,animal,but,origines,engagement,action,histoire,culpabilité,papillon,peur,état,début,nan,trouble,effet,déterminisme,essence,fautif,nan,montagne,raison,résultat,engagement,implication,nous,lien,aérosol,conséquence,acte,raison,dommage,faute,corrélation,provoquer,origine,décès,parler,effet,effet,lutte,lutte,conséquence,conséquence,origine,conséquence
table,chaise,chaîne,chaise,ici,chaise,repas,chaise,chaise,table,chaise,pluie,chaise,ronde,chaise,manger,chaise,ronde,chaise,chaise,chaise,dîner,chaise,chaise,coin,chaise,chaise,manger,tabouret,assiette,serviette,chaise,manger,chaise,repas,cuisine,chevet,table,chaise,manière,chaise,chaise,chaise,manger,chaise,chaise,ronde,diner,chaise,plateau,chaise,chaise,chaise,diner,cuisine,chaise,manger,salon,stylo,travail,chevet,ovale,chaise,chaise,rond,repas,chaise,chaise
table,ronde,manger,plan,fête,manger,écharde,opératoire,nan,cuisine,repasser,rase,convivialité,repas,loi,banc,assiette,nan,chaise,multiplication,manger,partage,assise,sale,rassemblement,salon,soutien,opération,langer,manger,compter,salon,aménager,poulet,ronde,pieds,restaurant,objet,pliable,coutume,pieds,service,repas,poser,repas,nan,nan,réunion,mobilier,pari,cène,matière,sexe,menuiserie,assiette,manufacture,support,accouchement,sel,maison,pied,chevalier,langer,réunion,plateau,multiplication,solide,réunion
toit,maison,toiture,maison,maison,maison,tuile,maison,tuile,toit,maison,maison,maison,maison,maison,maison,maison,maison,maison,maison,maison,maison,maison,mur,maison,maison,maison,ardoise,plafond,maison,tuile,maison,maison,maison,maison,maison,charpentier,toit,maison,technique,maison,maison,maison,maison,tuile,maison,tuile,maison,tuile,émeraude,maison,tuile,couverture,vue,maison,maison,loger,maison,maison,maison,maison,maison,maison,maison,jardin,maison,maison,maison
toit,grenier,feu,protection,nan,tuile,jambe,protection,moi,maison,clochard,moi,ardoise,chaleur,nan,pluie,chat, ,montagne,abri,chat,protection,protection,famille,chaleur,pluie,noël,cheminée,haut,dessin,sec,étoile,sécurité,plat,sdf,bois,chapelle,abri,tortue,pratique,tuile,abri,abri,cheminée,cheminée,protection,protection,entrée,maison,alpinisme,combles,maison,cambrioleur,tuile,tomber,protection,sécurité,sdf,nan,ardoise,tuile,tête,abris,montagne,protection,moi,domicile,ciel
jeunesse,présent,vitalité,futur,vieillesse,vieillesse,décrépitude,nostalgie,vieux,jeunesse,vingtaine,héros,vieillesse,allons,âge,vieillesse,vieillesse,innocence,vieillesse,vieux,vieux,fraîcheur,enfance,école,vieillesse,avant,bonheur,adolescence,ignorance,enfance,adolescent,enfant,danser,ambition,enfance,vieillesse,vieillesse,jeunesse,vieillesse,formation,vie,dynamisme,vieillesse,vieillesse,enfant,vie,vieillesse,enfant,vieillesse,liberté,candide,adulte,liberté,chaos,vieillesse,vieillesse,fleur,vieillesse,vieillesse,vieux,ride,vieillesse,vieillesse,insouciance,vie,vieillesse,vieux,vieillesse
jeunesse,possible,inéxperience,elixir,fleur,vigueur,devoir,chanson,nan,jeune,esprit,adolescent,réalisation,gentil,fougue,retraite,bébé,coup,enfance,liberté,guerre,début,fleur,ride,unique,apprentissage,temps,insouciance,minikeums,dessin,inconscience,auberge,fraicheur,possible,expérimentation,alcool,passé,vif,spontanéité,éclosion,joie,jouvence,jouet,spot,sport,idéal,vie,dynamisme,courte,coronavirus,liberté,liberté,beauté,liberté,apprentissage,légalité,fondement,nan,jeu,croissance,peau,désabusée,sacrifié,livre,fougue,fougue,jadis,avenir
nord,sud,sud,sud,sud,sud,pôle,sud,pôle,nord,sud,sud,sud,sud,sud,sud,sud,pôle,ouest,sud,sud,sud,sud,sud,sud,sud,sud,froid,haut,haut,sud,sud,froid,sud,sud,sud,sud,nord,sud,repère,sud,sud,sud,sud,sud,froid,sud,sud,sud,direction,sud,sud,sud,glacier,sud,sud,sud,sud,sud,viking,sud,sud,sud,sud,sud,sud,sud,sud
nord,ours,viking,pôle,pôle,pôle,froid,nan,nan,sud,magnétisme,pôle,froideur,froid,coron,levant,froid,haut,direction,vent,boussole,froid,droit,ours,VPN,froid,étoile,boussole,boussole,frites,navire,carte,nan,ale,noël,inuit,frites,sud,frites,glace,froid,boussole,boussole,pole,boussole,nan,polaire,borée,direction,coron,pôle,pluie,viking,Lille,froid,fiord,glacier,pôle,adultère,carte,froid,prudence,glace,manchot,pole,sud,pôle,nan
direction,panneau,diriger,lieu,pôle,sens,nan,chemin,sens,direction,sens,futur,sens,sens,environ,sens,gauche,sens,droite,localisation,sens,voie,droite,passage,chemin,sens,générale,sens,sens,trajet,droite,voiture,vacances,plan,sens,flèche,droite,direction,nan,sens,chef,marche,sens,droite,gauche,flèche,sens,chemin,sens,sens,chemin,sud,chef,flèche,flèche,sens,sens,lieu,sens,one,sens,carrefour,voyage,GPS,chemin,sens,adresse,chemin
direction,nord,inverse,route,panneau,avant,vecteur,vecteur,direction,assister,assister,rond-point,projet,route,guide,voiture,opposée,azimut,décision,autorité,entreprise,vent,trouver,demander,choix,indication,choix,assistée,one,philosophie,chemin,interdit,sortir,artistique,cap,opposition,solaire,lieu,chanteur,croyance,aller,marche,guitare,plan,demande,objectif,boussole,choix,mauvaise,doigt,générale,chemin,argent,film,voyage,PDG,pouvoir,avenir,groupe,haut,sens,vie,chemin,nan,cheminement,one,voyage,flèche
mer,plage,vague,montagne,océan,terre,plongée,eau,eau,mer,eau,terre,océan,eau,eau,poisson,océan,océan,océan,bleu,vague,plage,danser,eau,vague,eau,océan,vague,océan,plage,sel,poisson,plage,sable,eau,plage,vague,mer,vague,force,bleue,eau,océan,plage,océan,sable,océan,plongée,eau,rive,eau,vague,méditer,océan,plage,ciel,sel,plage,océan,océan,oiseau,sable,vague,large,eau,sel,océan,océan
mer,sirène,sel,étendue,abysse,fruit,nan,calme,maman,terre,écologie,maman,voie,poisson,horizon,boire,tempête,peinture,bleu,surf,coquillage,peur,profond,pollution,voyage,carbone,monde,écume,requin,SOS,grand,nan,bateau,poulpe,bleue,boire,naturel,océan,moule,nan,vague,récif,abysse,baignade,marin,lisse,sel,mérou,sel,nan,noyade,vacances,migrant,plage,algue,iode,immensité,sel,froid,fond,eau,ivre,bleue,bible,noyade,sable,mouette,algue
objet,rare,sol,concret,truc,truc,informe,chaise,chose,objet,chose,quotidien,chose,chose,truc,toucher,cube,matériel,truc,e-mail,chose,inerte,utile,jouet,truc,utiliser,stylo,chose,téléphone,chose,truc,chose,jouet,chose,utile,matériel,lampe,objet,chose,sujet,trouvé,chose,chose,lampe,rare,forme,chose,stylo,quelconque,produit,utile,table,chose,vêtement,e-mail,chose,possession,divers,chose,perdu,sceau,trouvé,stylo,chose,chose,chose,chose,matériel
objet,fabrication,où,matière,matériel,sujet,matériel,décoration,nan,utile,art,truc,émotion,élément,sujet,toucher,câble,souris,bien,production,idée,loisir,réification,famille,consommation,prendre,personnifier,mail,truc,bac,homme,nan,outil,tête,inerte,contact,pot,chose,nan,détection,bien,tout,réifier,nan,brocante,possession,ombre,nan,chose,regard,palpable,placer,dessein,bibelot,lampe,complément,désir,femme,esclave,lâche,attention,précieux,psychanalyse,utilisation,valeur,fabrication,tout,toucher
appel,téléphone,réponse,réponse,stage,téléphone,cours,téléphone,téléphone,appel,cri,journal,nan,décrocher,montagne,téléphone,téléphone,téléphone,téléphone,nan,téléphone,téléphone,crier,téléphone,téléphone,projet,téléphone,téléphone,bip,téléphone,téléphone,téléphone,répondre,demande,téléphone,téléphone,alarme,appel,téléphone,communication,téléphone,téléphone,téléphone,répondre,profondeur,téléphone,téléphone,téléphone,nan,juin,téléphone,conversation,téléphone,sonnerie,allo,téléphone,téléphone,téléphone,téléphone,secours,téléphone,classe,téléphone,téléphone,nombre,téléphone,téléphone,téléphone
appel,urgence,faire,cellulaire,signal,réseau,touche,mélodie,offre,téléphonique,juin,sos,pomme,raccrocher,soulèvement,vocal,cordon,cri, ,aide,échange,phare,coeur,refuser,onde,écouter,guerre,aide,tribunal,masqué,justice,alerte,besoin,cri,SOS,embrouille,alarmant,téléphone,canular,entente,cri,social,général,vidéo,mission,demande,sonnerie,nan,candidature,débarquement,guerre,urgence,nan,mobilisation,cours,SOS,demande,manqué,bloquer,cri,message,juin,urgence,guerre,communication,justice,décrocher,cri
lutte,sport,catch,sport,olympe,gagner,grecque,combat,combat,lutte,combat,combat,combat,faim,combat,combat,combat,combat,bagarre,pouvoir,judo,combat,gladiateur,corps,combat,classe,ouvrière,combat,force,combat,lutteur,catch,sport,bagarre,sport,bagarre,combat,lutte,catch,vie,combat,combat,sport,sport,combat,combat,bataille,combat,combat,finale,grecque,bataille,sport,combat,sport,combat,bataille,combat,combat,combat,amazone,combat,sport,combat,bagarre,combat,judo,combat
lutte,révolte,armée,révolution,grec,nan,idée,nan,zut,lutter,tatami,romaine,ambition,combat,finale,tatami,catch,instrument,amour,jeu,éradiquer,épreuve,cause,esclave,pensée,ouvrière,physique,gréco-romaine,force,femme,cause,sumo,battre,sumo,combattre,sport,conviction,combat,baston,courage,combat,justice,classe,défendre,jeu,tortue,reproduction,grecque,sport,socialisme,classes,ouvrier,Grèce,sumo,sol,grec,classes,sport,sumo,défaite,effort,art,travail,classes,affrontement,sport,acharné,violente
mari,mariage,trouble,femme,femme,femme,homme,femme,mec,mari,mariage,femme,épouse,femme,femme,femme,femme,couple,femme,femme,épouse,femme,femme,bague,femme,mariage,femme,poids,dieu,époux,femme,femme,mariage,époux,épouse,femme,femme,mari,femme,contrat,femme,époux,femme,épouse,femme,homme,femme,époux,femme,époux,femme,épouse,épouse,amour,femme,époux,femme,femme,femme,femme,femme,femme,femme,femme,femme,femme,femme,femme
mari,amant,autre,âme,contrat,homme,impôt,dévoué,nan,femme,tradition,indépendant,rôle,adultère,noeud,nan,loyauté,femme,conjoint,mairie,divorce,cérémonie,patriarcat,divorce,enfant,célébrer,tradition,patriarcat,foot,homme,impôt,père,famille,contrainte,blocage,nan,argent,femme,épouse,choix,amant,famille,aventure,bague,enfant,partenaire,meuble,bricolage,mari,ancien,prison,bague,alliance,ami,ménage,mairie,patriarche,nan,violent,fête,homme,nan,engagement,alliance,père,nan,domination,homme
vin,blanc,boire,raisin,liquide,boire,tanique,boire,verre,vin,rouge,soirée,alcool,verre,boisson,raisin,rouge,rouge,bouteille,rouge,carafe,ivresse,alcool,verre,alcool,alcool,boisson,alcool,alcool,blanc,rouge,raisin,champagne,ivresse,alcool,alcool,champagne,vin,rouge,plaisir,verre,alcool,fromage,boire,rouge,raisin,raisin,alcool,alcool,breuvage,ivre,eau,rouge,plaisir,rosé,boisson,rouge,bouteille,alcool,soif,bouteille,eau,bourré,alcool,alcool,boire,eau,alcool
vin,tonneau,dieu,gastronomie,pépin,bière,fumigateur,sang,vient,alcool,fête,rouge,amusement,plaisir,côteaux,sécateur,recette,adulte,raisin,cépage,cépage,vendange,jus,repas,culture,sulfite,culture,ivresse,sec,apéritif,soleil,gai,détente,bois,Dionysos,rire,moment,boire,nan,convivialité,alcool,danger,fromage,bière,sud,alcoolisme,vinaigre,fête,manger,théâtre,France,fête,champagne,dégustation,sociabilité,liège,voyage,vignoble,cirrhose,noblesse,bouteille,apollinaire,convivialité,fermentation,rouge,ivresse,pétillant,apéritif
rôle,théâtre,théâtre,jouer,acteur,cinéma,jeu,théâtre,jeu,nan,théâtre,théâtre,responsabilité,théâtre,jeu,acteur,jeu,jeu,jeu,théâtre,jeu,tâche,pièce,manager,jeu,jeu,jeu,place,acteur,jeu,actrice,acteur,acteur,fonction,jeu,acteur,actrice,rôle,acteur,autrui,théâtre,personnage,place,théâtre,pièce,genre,but,personnage,acteur,social,jeu,jeu,théâtre,film,théâtre,tâche,jouer,personnage,théâtre,moi,choix,théâtre,acteur,spectacle,acteur,théâtre,théâtre,film
rôle,rêve,jouer,théâtre,coulisse,mauvais,écosystème,modeste,nan,comédien,nan,cascadeur,nan,jeu,visage,près,personnage,ton,nan,famille,théâtre,film,comédie,mère,jeu,jeu,comédie,jeu,policier,film,sens,cinéma,film,dévotion,nan,jeu,principal,travail,beau,entrainement,jeu,jeu,comédie,jeu,vie,théâtre,jeu,théâtre,pièce,fort,théâtre,acteur,Scapin,jeu,société,théâtre,nan,double,jeu,manichéen,responsabilité,masque,parental,autorité,jeu,social,faux,jouer
horizon,lointain,paysage,ciel,soleil,ligne,soleil,voyage,ligne,horizon,paysage,mots,futur,mer,ligne,ciel,lointain,lointain,loin,lointain,ciel,lointain,ligne,mer,mer,lointain,mer,paysage,loin,loin,mer,soleil,vacances,ouest,ligne,lointain,solaire,horizon,ciel,regard,mer,ligne,paysage,lointain,loin,lointain,loin,soleil,futur,distance,loin,coucher,ciel,souvenir,paysage,paysage,ligne,loin,ligne,loin,loin,mer,mer,lointain,paysage,lointain,ligne,mer
horizon,espoir,soleil,mer,coucher,avenir,nan,réflexion,soleil,ciel,boucher,vertical,ambition,beau,aube,voilier,bleu,nez,longitude,inconnu,infini,intouchable,espoir,voilier,bateau,coucher,avenir,loin,plat,bateau,futur,amoureux,nature,escapade,jumelles,sombre,pluvieux,loin,perception,loin,loin,avenir,je,photo,mer,espoir,flou,possibilité,loin,nausée,évasion,étendue,voyage,vue,proximité,distance,échappatoire,avenir,continent,limite,loin,espoir,objectif,soleil,plage,avenir,tour,loin
jambe,pied,course,bras,poulet,pied,bois,bras,bouche,jambe,pied,entre,bras,pied,pied,pied,droite,courir,pied,bras,pied,pieds,pied,main,pieds,corps,pied,pied,pied,bas,pied,pied,plâtre,bras,corps,corps,bras,jambe,tibia,corps,membre,membre,pied,pied,bois,corps,pied,marcher,pied,membre,corps,tibia,pied,marcher,main,main,droite,pied,marcher,bras,bras,bras,corps,genou,genou,pied,pied,pied
jambe,bois,nan,extrémité,membre,membre,lent,bois,pirate,bas,cou,amputer,nan,cuisse,athlétisme,béquille,sciatique,bois,stabilité,mouvement,longiligne,debout,liberté,athlétisme,compétition,courir,soutenir,poils,chaussette,jupe,mine,tête,déplacement,claudicant,stabilité,bois,trouble,fine,pirate,déplacement,membre,course,ennui,marcher,bois,bois,bois,basket,main,bois,athlétisme,marcher,varice,marcher,cassée,fémur,cheval,orthopédie,nan,prothèse,cyclisme,courir,homme,manchot,mollet,mollet,collant,courir
page,livre,savoir,livre,livre,livre,blanche,livre,livre,page,livre,livre,livre,feuille,livre,cahier,livre,lire,livre,livre,livre,livre,feuille,livre,jaune,livre,livre,livre,numéro,livre,[],livre,livre,livre,livre,livre,papier,page,une,support,livre,livre,livre,livre,livre,livre,blanche,livre,lecture,feuille,livre,blanche,livre,livre,livre,livre,tourner,livre,livre,jaune,format,papier,livre,livre,livre,livre,marque,livre
page,magie,mémoire,papier,reine,tourner,perforée,refermer,nan,blanche,blancheur,nan,pensée,livre,nan,histoire,valet,sage,écrit,tourner,marque,blanche,blanche,écriture,jaune,texte,écriture,marque,feuille,vie,thé,valet,histoire,lecture,chevalier,blanche,tourner,vide,tourner,moment,marque,épisode,annonce,lire,mot,possibilité,nan,histoire,tourner,nan,changement,début,nan,départ,blanche,religion,espace,logiciel,tourner,inspiration,format,poète,actrice,numéro,rédaction,valet,tourner,tourner
fil,coutûre,mythologie,rouge,aiguille,ligne,araignée,couture,tisser,fil,couture,nan,aiguille,coudre,rasoir,dentaire,aiguille,bobine,dent,rouge,aiguille,couture,coudre,couture,aiguille,couture,laine,corde,câble,couture,rasoir,aiguille,coudre,tissu,ligne,coudre,fin,fil,couture,lien,coudre,lien,rouge,coudre,cuivre,téléphone,conducteur,eau,eau,conducteur,rasoir,actualité,couture,Ariane,couture,linge,aiguille,couture,aiguille,aiguille,actualité,fer,couture,rouge,soie,couture,rouge,couture
fil,funambule,fer,bobine,vêtement,couper,nan,conducteur,nan,dentaire,tordre,rasoir,nan,fin,destin,dentaire,soie,bouche,dent,rasoir,histoire,conversation,vie,téléphone,électronique,destin,pensée,rasoir,aiguille,actualité,dent,tricot,chemin,histoire,vie,funambule,couture,aiguille,coup,artisanat,Ariane,Ariane,bobine,tissu,tissage,équilibriste,électrique,araignée,conducteur,labyrinthe,dentaire,aiguille,Ariane,lien,retordre,lin,création,histoire,funambule,bave,actualité,Ariane,actualité,continuité,couture,tendu,pelote,fin
soeur,amour,nan,frère,frère,frère,âme,frère,frère,soeur,mienne,frère,frère,frère,frère,frère,frère,famille,frère,frère,frère,famille,frère,jumelle,frère,famille,frère,frère,famille,sang,frère,frère,chiante,frère,frère,frère,nièce,soeur,frère,famille,frère,fraternité,frère,frère,frère,sororité,frère,frère,frère,âme,frère,filiation,frère,amour,lien,fratrie,frère,frère,frère,frère,mère,frère,frère,frère,frère,frère,frère,frère
soeur,nan,âme,nan,famille,complicité,soutien,coeur,coeur,frère,jumelle,frangine,rôle,fille,lien,dispute,amour,dieu,frère,fille,coeur,nan,âme,réconfort,anniversaire,commun,religieuse,complicité,soutien,rivalité,monastère,ennemi,lien,inceste,parenté,jumelle,ami,famille,sa,attachement,claire,amitié,vêtement,jumelle,tante,amie,religieuse,confidente,lien,curé,église,amour,macaron,amitié,amitié,filiation,solidarité,religion,religion,loup-garou,jumelle,pleurs,sang,religion,fraternel,religion,jumelle,complicité
preuve,meurtre,évidence,enquête,crime,fait,évidence,nan,dire,preuve,témoin,justice,évidence,élément,démonstration,doute,indice,trace,juge,irréfutable,cause,fait,police,loupe,fait,science,crime,exemple,évidence,défense,arme,enquête,nan,indice,coupable,évidence,pensée,preuve,témoin,certitude,police,témoin,réel,évidence,enquête,enquête,enquête,fait,acte,appui,vrai,indication,police,enquête,témoin,fait,prouver,enquête,police,donner,mathématiques,crime,évidence,nan,évidence,évident,pieuvre,indice
preuve,sorcier,trace,évidence,audit,irréfutable,meurtre,vivante,conspiration,indice,trois,trucage,inculpation,fait,justice,crime,réfutable,meurtre,enquête,mathématiques,enquête,meurtre,trouver,recherche,investigation,enquête,thriller,enquête,crime,inspecteur,responsabilité,crime,nan,réponse,nan,indice,tangible,indice,paperasse,vérité,police,justice,examen,procès,accusé,incriminant,crime,animé,démo,viol,tribunal,appui,alibi,empreinte,fausse,polar,enquêter,science,alibi,vérité,procès,confiance,confiance,judiciaire,police,enquête,nan,détective
morceau,viande,viande,gâteau,bois,bout,pièce,musique,bout,morceau,musique,dinde,musique,bout,pièce,pain,bout,musique,sucre,viande,pain,partie,gâteau,pain,bout,part,chanson,bout,partie,viande,bout,part,viande,gâteau,bout,pain,éclat,morceau,pain,fragment,fromage,bout,bout,couper,pain,puzzle,miette,bout,miette,part,pain,bout,pain,musique,bout,partie,part,part,partie,fromage,bout,verre,biopsie,pain,viande,viande,bout,bout
morceau,lune,rap,portion,coupe,musique,déchet,pain,pièce,pain,égalité,tube,nan,bout,choix,chanson,viande,gâteau,sucre,musique,partiel,musique,acceptable,musique,manger,musique,peau,sucre,fromage,papier,quart,disque,part,boucle,bois,lâcher,petit,part,crotte,sélection,musique,goûter,viande,viande,gâteau,fragment,puzzle,fromage,pain,imparfait,bout,séparation,tube,viande,souris,composant,fragment,bout,cracher,musique,nan,pain,découper,échantillon,part,musique,reste,fromage
gauche,droite,politique,droite,droite,droite,politique,droite,droite,gauche,politique,droite,droite,droite,droite,droite,droite,côte,droite,droite,droite,droite,main,nan,droite,sens,droit,gaucher,ouest,politique,droite,droite,droite,droite,droite,droite,droite,gauche,droite,convention,droite,sens,droite,droite,droite,droite,droite,droite,droite,droite,droite,droite,droite,tatouage,ambidextre,droite,droite,droite,droite,droite,main,droite,droite,droite,droite,droite,droite,droite
gauche,coeur,communisme,sens,lieu,maladroit,permis,coeur,nan,droite,extrême,centre,babord,position,maladresse,politique,orientation,démon,politique,maladroit,dextralité,politique,intellect,politique,sens,maladroit,Valls,ambidextre,flèche,danser,Amérique,maladroit,indication,humaniste,maladroit,parti,politique,droite,politique,égalité,direction,maladroit,rouge,direction,politique,maladroit,politique,coeur,sens,rêverie,communisme,socialiste,communisme,politique,maladroit,politique,socialisme,parti,politique,bâbord,droite,maladroit,politique,parti,nan,communisme,politique,main
doigt,ongle,main,oeil,direction,main,bague,main,ongle,doigt,ongle,pouce,toucher,main,ongle,main,main,main,pied,main,main,main,main,main,sexe,membre,index,bague,majeur,main,ongle,main,pied,index,main,main,auriculaire,doigt,index,outil,main,main,main,main,main,main,main,toucher,main,ongle,main,pointer,empreinte,manuel,manuel,main,main,main,main,cinq,index,pouce,bague,majeur,nez,main,main,main
doigt,crochu,piano,cinq,empreinte,fée,coupé,mariage,peut,main,griffer,pénétration,possibilité,pouce,soupçon,piano,bague,goûter,cinq,fracture,petit,piano,toucher,hache,fiançailles,toucher,sensation,ongle,honneur,nan,tableau,alliance,préhension,mariage,gratter,ongle,bras,main,nez,ordre,piano,bague,bague,vernis,tactile,empreinte,nan,création,pied,empreinte,rançon,pointer,whisky,direction,maniable,montrer,trace,alcool,pointer,sclérodermie,bague,lutin,préliminaire,gant,écrire,alliance,bague,pointer
garçon,fille,genre,fille,fille,fille,nan,fille,fille,garçon,fille,fille,masculin,fille,fille,fille,fille,enfant,fille,fille,fille,fille,fille,fille,fille,personne,fille,fille,dieu,masculin,fille,fille,fille,fille,fille,fille,adolescence,garçon,fille,choix,fille,fille,fille,fille,fille,fille,fille,fille,fille,homme,fille,fille,fille,enfant,genre,fille,fille,fille,fille,fille,fille,fille,fille,fille,fille,fille,fille,fille
garçon,perdu,dominant,mâle,nan,manqué,pêche,manqué,garçon,fille,manqué,transsexuel,reconnaissance,homme,genre,nan,fort,vieillir,pantalon,pouvoir,genre,enfant,force,football,cartes,genre,sexe,privilégié,nan,bille,chanson,nan,nan,privilège,avantage,bagarreur,bébé,fille,petit,test,homme,nan,manque,nan,football,jouet,nan,ma,enfant,mythe,homme,vêtement,bagarre,salopette,chauve,XY,jeunesse,serveur,voiture,pénis,genre,immature,fort,bagarre,masculin,genre,construction,turbulent
façon,aimer,faire,faire,faire,manière,garçon,manière,manière,façon,manière,être,manière,manière,manière,manière,faire,manière,faire,faire,manière,manière,manière,moyen,chose,manière,faire,manière,manière,autre,façonner,manière,manière,manière,moyen,habitude,manière,façon,manière,attitude,manière,mode,manière,faire,mille,manière,manière,vivre,manière,ma,faire,manière,forme,manière,manière,manière,faire,manière,manière,manière,faire,manière,manière,manière,nan,manière,garçon,manière
façon,nan,toute,nan,construire,moyen,poterie,délicate,maçon,être,sans,flacon,éducation,technique,contre,style, ,chef, ,maçon,recette,artisan,forme,recette,politesse,moyen,expertise,artisanat,manière,garçon,éducation,artisanat,goût,contrainte,truelle,nan,snobisme,manière,garçon,présent,manière,être,faux,nan,artisanat,contrefaçon,nan,nan,propre,technique,sans,manière,penser,art,contre,demande,singularité,nan,nan,art,faire,être,nan,multiple,manière,créer,moyen,toute
chambre,lit,hôtel,coucher,nan,pièce,dormir,relaxer,lit,chambre,repos,dortoir,maison,enfant,lit,lit,pièce,jouer,pot,lit,lit,lit,lit,lit,lit,étudiant,lit,dormir,calme,dormir,lumière,lit,bordel,lit,repos,lit,lit,chambre,lit,intimité,lit,repos,dormir,lit,lit,pièce,lit,lit,sommeil,pièce,pièce,lit,lit,cocon,confort,maison,lit,lit,dormir,lit,lit,lit,coucher,repos,lit,lit,maison,dormir
chambre,rêve,soi,rêver,latte,froide,hochet,froide,blague,dormir,prison,intime,intimité,maison,logis,auberge,passion,travail,sommeil,cocon,pot,cocon,intimité,rangement,nan,pièce,discrétion,noire,sale,noire,intime,cuisine,privée,photo,calme,hôtel,souvenir,pièce,couette,antre,pièce,noir,violon,cuisine,veilleuse,soi,hôpital,secret,maison,oreille,froide,entrée,rêve,repos,détendu,immobilier,univers,jouet,nan,musique,maison,jaune,hôpital,jardin,sommeil,froide,intimité,confort
question,réponse,réponse,réponse,réponse,réponse,réponse,réponse,interrogation,question,réponse,réponse,réponse,réponse,réponse,réponse,réponse,réponse,réponse,réponse,interrogation,réponse,phrase,réponse,réponse,poser,réponse,[],interrogation,interrogation,réponse,réponse,réponse,réponse,réponse,réponse,question,question,doute,problème,réponse,interrogation,réponse,réponse,réponse,réponse,réponse,réponse,réponse,réponse,réponse,proposition,réponse,doute,réponse,réponse,poser,réponse,réponse,réponse,réponse,réponse,réponse,réponse,réponse,réponse,réponse,réponse
question,savoir,piège,interrogation,point,champion,réfléchir,apprentissage,nan,réponse,indiscrétion,nan,apprentissage,interrogation,quête,réflexion,interrogation,vérité,ver,réflexion,doute,école,suivre,classe,millions,réflexion,philosophie,réponse,champion,enfant,rencontre,jeu,comprendre,philosophie,énigme,énigme,dubitatif,réponse,dissertation,mur,réponse,pause,contrôle,nan,test,curiosité,école,doute,ambiguë,ignorer,parler,savoir,partiels,réponse,difficile,philosophie,réflexion,nan,police,curiosité,interrogation,progrès,nan,savoir,demande,interrogation,interrogation,curiosité
acte,théâtre,pièce,manqué,théâtre,action,faire,décision,action,acte,pièce,théâtre,responsabilité,manqué,scène,manqué,manqué,théâtre,faire,théâtre,décès,action,orthophonie,mort,rapport,faire,sexuel,théâtre,action,officiel,actrice,parole,sexuel,théâtre,naissance,conséquence,conséquence,acte,théâtre,réalisation,théâtre,geste,théâtre,sexuel,paroles,action,naissance,action,droit,théâtre,faire,décision,théâtre,théâtre,théâtre,fait,passage,fait,action,théâtre,loi,théâtre,geste,tâche,pouvoir,théâtre,théâtre,théâtre
acte,spectacle,comédie,partie,coulisse,théâtre,finir,preuve,théâtre,acte,fatigue,notarial,nan,réflexion,théâtre,pressé,immobilité, ,théâtre,décision,extrait,théâtre,décision,amour,théâtre,théâtre,action,état-civil,investigation,héroïque,théâtre,paresseux,courage,mariage,jeu,notariat,remord,manqué,manqué,je,théâtre,manque,théâtre,théâtre,chef,théâtre,théâtre,volonté,faux,divorce,naissance,théâtre,suicide,chapitre,manqué,épilogue,théâtre,théâtre,meurtre,générosité,loi,médical,agir,théâtre,affirmation,comptabiliser,pacte,théâtre
rose,fleur,fleur,rouge,pâle,fleur,odorant,fleur,bleue,rose,couleur,fil,fleur,sable,fleur,flamant,bleu,fleur,fleur,bleu,fleur,couleur,fleur,rouge,fleur,bleu,bleu,pétale,fille,fleur,rose,fleur,fleur,fleur,fleur,rouge,rose,rose,parfum,sexe,fleur,fleur,fleur,rouge,fleur,fleur,fleur,fleur,rouge,amour,fleur,fleur,fleur,fleur,fleur,bleu,fleur,fleur,fleur,beige,plante,prince,fleur,fleur,désir,rouge,rouge,fleur
rose,beauté,douleur,nan,pétale,amour,nan,amour,flamant,fleur,jeunesse,nan,gaieté,cadeau,nom,téléphone,fille,niais,nuage,barbe à papa,épine,flamant,sensible,fleur,saveur,éternelle,genre,rosée,panthère,fille,odeur,neige,amour,cliché,bébé,lèvre,organe,beauté,prénom,séduction,fille,parfum,britannique,tulipe,amour,déclaration,tulipe,vent,crevette,prince,féminité,amie,poème,couler,eau,octobre,poème,prénom,panthère,cliché,huile,prince,odeur,prénom,tulipe,épine,épine,saint-valentin
oncle,tante,doigt,tante,tante,tante,raciste,tante,tante,oncle,famille,tante,tante,tante,tante,tante,tante,tante,tante,tante,tante,tante,famille,tante,tante,famille,tante,tante,tante,tonton,tante,tante,tata,cousin,tante,tante,mère,oncle,tante,proche,tante,famille,tante,tante,tante,famille,tante,famille,tante,tante,tante,tante,tante,famille,famille,famille,tante,tante,tante,tante,tante,tante,tante,tante,tante,tante,tante,tante
oncle,raciste,frère,famille,maman,père,nan,blague,nan,tante,raciste,riz,rôle,gentil,parrain,famille,famille,nan,frère,famille,cousin,noël,protection,frère,nan,nan,américain,famille,famille,riz,secret,cousin,nan,nan,main,parenté,joie,tante,Sam,respect,noël,lien,riz,famille,vacances,proche,nan,pêche,famille,injure,raciste,vieux,noël,parrain,parrain,frère,famille,riz,crier,viol,famille,terrible,Sam,Amérique,nan,mafia,généalogie,famille
herbe,vert,fleurie,pied,jardin,pousser,insecte,pelouse,cannabis,herbe,allergie,jardin,jardin,cannabis,verte,verte,jardin,rosée,vent,boue,pelouse,arôme,sol,colline,plaine,prairie,verte,verte,verte,verte,verte,fumer,prairie,prairie,jardin,arbre,plante,herbe,verte,botanique,pelouse,verte,verte,verte,pouce,jardin,tondre,jardin,verte,chat,prairie,verte,pelouse,campagne,jardinage,sol,verte,pelouse,verte,champ,mer,verte,pré,verte,plaine,pré,verte,prairie
herbe,insecte,verre,vert,essentielle,folle,brebis,repos,nan,verte,vent,drogue,repos,épice,germination,haute,chat,fumer,vert,rugby,fumer,aromatique,germe,équitation,nan,vache,relaxation,apprenti,cannabis,odeur,football,football,pique-nique,joint,cannabis,marijuana,fraicheur,fine,marijuana,greffe,verte,vie,cigarette,fumer,insecte,drogue,pesticide,nan,cour,jovial,fumer,odeur,halluciner,fumer,couper,vache,addiction,mauvaise,vache,siffler,verte,début,drogue,aromatique,gazon,cannabis,herbacé,séchée
faim,manger,manger,soif,pain,soif,riz,nourriture,manger,faim,soif,soif,manger,soif,soif,soif,nourriture,gourmandise,soif,soif,soif,soif,manger,soif,manger,manger,soif,estomac,misère,creux,soif,sandwich,manger,soif,soif,soif,nourriture,faim,manger,ventre,manger,manger,nourriture,manger,soif,manger,famine,nourriture,soif,estomac,nourriture,boire,ventre,nourriture,gâteau,nourriture,loup,envie,manger,soif,fruit,soif,manger,sensation,soif,soif,soif,nourriture
faim,soif,capitalisme,besoin,signal,besoin,matière,chasse,début,manger,loup,nan,manque,fin,banquet,ventre,ogre,loup,sensation,besoin,satiété,plaisir,irriter,moyens,nan,sensation,réfléchir,loup,Afrique,envie,nécessaire,sdf,pauvre,besoin,gargouillis,estomac,glucide,pauvre,maigrir,morsure,gronder,programme,déception,nan,misère,sensation,estomac,horrible,pays,justice,intense,ventre,Afrique,envie,gargouiller,estomac,pauvreté,besoin,pauvre,résister,estomac,loup,besoin,hormone,buffet,borborygme,gargouiller,dîne
école,primaire,savoir,apprendre,maison,enfants,enfant,éducation,nan,école,apprendre,enfance,conditionnement,primaire,élève,élève,junior,apprendre,instruction,lycée,primaire,savoir,travail,enfant,travail,étude,enfant,classe,apprentissage,primaire,livre,enfant,primaire,cahier,apprentissage,élève,étude,école,collège,ambigu,cahier,éducation,scolaire,primaire,travail,apprentissage,primaire,enfant,éducation,élémentaire,enfant,collège,enfant,enfance,institution,étude,apprendre,enfant,étudier,apprendre,enfant,université,classe,connaissance,enfant,études,maison,élève
école,explorer,chambre,nan,grandeur,apprendre,prison,jeu,nan,élémentaire,punition,nan,conditionnement,maîtresse,nan,chant,directeur,jeu,nan,apprentissage,enseignement,nostalgie,prison,baguette,avenir,amis,vie,récréation,professeur,souvenir,goûter,maîtresse,stylo,nuage,prison,sortie,nan,éducation,embrigadement,servitude,note,intégration,avenir,enfant,loisir,éducation,poésie,récréation,travail,nan,fan,république,goûter,cahier,conjugaison,mixité,apprentissage,enseignement,facile,harcèlement,charlemagne,bonheur,vie,souvenir,apprentissage,pensée,chemin,sonnerie
lit,oreiller,sommeil,dormir,dodo,dormir,punaise,matelas,oreiller,lit,sommeil,sommeil,confort,amour,édredon,coucher,chambre,dormir,coussin,sommeil,chevet,rêve,nuit,oreiller,oreiller,chambre,dormir,couette,confortable,dormir,sommier,dormir,matelas,coussin,sommeil,coussin,mobilier,lit,drap,repos,couette,sommeil,sommeil,dormir,nuit,oreiller,couette,dormir,sommeil,sommeil,dormir,repos,oreiller,sommeil,confort,dormir,dormir,chambre,dormir,dormir,parure,draps,dormir,dormir,sommeil,dormir,couette,oreiller
lit,hôpital,il,rêve,repos,couverture,courbature,chocolat,dit,carré,froissé,ressort,rêve,reproduction,nan,moderne,levé,imaginaire,bois,mort,punaise,rêves,rêve,rêve,tranquillité,meuble,rivière,lecture,enfant,rêve,sexe,camp,repos,blanc,déconnexion,pyjama,punaise,coucher,acarien,sécurité,dormir,pause,plume,travailler,doudou,espace,nan,cocon,maison,lit,rivière,rêve,voyage,pause,tête,paradoxal,prélasser,mort,sexe,mort,drap,amour,nan,ouvrage,sommeil,allongé,superposé,soirée
masse,marteau,salarial,poids,nan,poids,forgeron,poids,poids,masse,poids,massage,poids,lourd,poids,poids,objet,poids,lourd,poids,poids,tumeur,physique,corporelle,arme,poids,corporelle,poids,poids,poids,massue,poids,poids,poids,poids,poids,gras,masse,inertie,physique,poids,lourd,poids,poids,poids,outil,poids,poids,charge,volumique,lourd,matière,physique,poids,plaisir,poids,eau,poids,poids,newton,poids,poids,poids,poids,poids,poids,poids,poids
masse,musculaire,nan,cortège,air,lourd,atelier,bien-être,détend,corporelle,coup,nasse,public,molaire,arme,important,énergie,arme,force,retard,marteau,lourdeur,lourdeur,balance,arme,détruire,cancer,difforme,balance,marteau,mur,nan,gros,régime,chantier,métier,gros,poids,catcheur,abstraction,lourd,air,lancer,marteau,espace,peuple,gâteau,gravité,lourd,pomme,cancer,tumeur,obèse,sport,léger,arme,massage,tumeur,physique,univers,poids,muscle,obésité,physique,marteau,outil,physique,lourd
flamme,feu,feu,feu,feu,feu,brûlant,feu,feu,flamme,feu,tout,feu,nan,feu,feu,feu,feu,feu,feu,feu,feu,feu,feu,feu,éteindre,feu,feu,feu,feu,feu,feu,amour,feu,feu,feu,braise,flamme,feu,chaleur,feu,feu,feu,feu,feu,feu,feu,feu,feu,désir,feu,feu,briquet,feu,eau,feu,désir,feu,feu,feu,feu,feu,feu,feu,feu,feu,feu,feu
flamme,calciner,réseau,chaleur,rayonnement,amour,amour,amoureux,nan,feu,amour,série,danse,brûlure,passion,cirque,briquet,incendie,pompier,douleur,pompier,amour,passion,café,steak,pompier,amour,retour,lance,émission,Cro-Magnon,amour,brûler,nan,passion,amour,folie,feu,illumination,mystère,préhistoire,désir,passion,briquet,pompier,relation,série,passion,rouge,nan,lance,bois,série,amour,amour,entropie,animé,amour,amour,volonté,feu,passion,intérieure,barbecue,brulure,bleue,brûler,enfer
lèvre,bouche,bouche,bouche,visage,bouche,fendue,bisou,bouche,lèvre,bouche,bouche,bouche,bisou,bouche,bouche,bouche,bouche,moustache,bouche,bouche,bouche,bouche,visage,bouche,bouche,bouche,gercée,charnue,rouge,labium,bouche,bouche,bouche,bouche,bouche,muqueuse,lèvre,bouche,pulpeuse,bouche,bouche,bouche,gloss,bouche,bouche,bisou,nan,bouche,supérieure,bouche,rouge,bouche,baiser,bouche,bouche,embrasser,bouche,bisou,plaisir,bouche,sourire,bisou,baiser,bouche,bouche,chèvre,bouche
lèvre,coeur,rouge,pulpeuse,bisou,bisou,coquillage,nan,nan,bouche,petite,vulve,image,baume,baiser,gercée,baiser,cratère,rouge,visage,gerçure,baiser,sensualité,maquillage,sexe,sensation,sensation,rouge,rose,parler,cinéma,chirurgie,bisou,érotisme,moitié,bisou,douceur,pulpeuse,bisou,désir,embrasser,embrassade,rouge,nez,paille,vulve,nan,sourire,visage,épilation,pulpeuse,manger,herpès,langage,commissure,supérieure,ouverture,maquillage,sexe,anatomie,pulpe,gourmande,discuter,muscle,bisou,charnue,câlin,mordre
passage,étroit,piéton,côté,chemin,rue,retour,piéton,traversée,passage,chemin,train,vie,allée,ouverture,piéton,étroit,étroit,couloir,rapide,piéton,mouvement,chemin,piéton,route,endroit,rue,provisoire,chemin,chemin,rue,piéton,trottoir,ruelle,couloir,chemin,route,passage,étroit,épreuve,couloir,temporaire,chemin,route,piéton,chemin,ruelle,chemin,ruelle,chemin,chemin,pont,lieu,tunnel,allée,chemin,souterrain,lieu,chemin,voyage,Brady,piéton,piéton,souterrain,chemin,clouté,rue,chemin
passage,secret,secret,étape,trou,secret,trace,jeu,transcendance,étroit,interdiction,sous-terrain,vie,allée,raccourci,scène,terminale,éveil,labyrinthe,transmission,ferré,transition,transition,surréalisme,obligation,mouvement,discrétion,couvert,étroit,temps,dimension,secret,raccourci,acte,foule,étroit,paradis,niveau,vide,destin,souterrain,vie,panorama,souterrain,pavé,porte,interdit,ouverture,étroit,col,ruelle,évolution,Berlin,instant,court,labyrinthe,transition,lieu,nan,rite,rue,mort,apprentissage,représentation,porte,transition,étroit,caché
principe,valeurs,axe,morale,premier,étude,regard,loi,droit,principe,valeurs,organisme,valeurs,nan,idéal,droit,théorème,moral,valeurs,importance,but,loi,manière,règle,courage,code,loi,valeur,honneur,vie,idée,sujet,valeur,théorie,fonctionnement,respect,valeur,principe,loi,fondement,règle,valeur,valeur,nan,morale,habitude,méthode,règle,droit,participe,règle,valeur,axiome,moral,nan,action,honnêteté,hypothèse,règle,idée,effet,linéaire,règle,théorie,règle,loi,inviolable,droit
principe,aboli,déconstruction,nan,habitude,règle,éducation,valeurs,prince,principe,hypocrisie,aucun,action,thermodynamique,commencement,conviction,valeurs,pretentieux,valeurs,précaution,valeurs,code,rigueur,mathématiques,force,code,théorie,accord,fait,mathématiques,science,loyauté,nan,obtu,théorème,explication,folie,idée,thermodynamique,commencement,conviction,éthique,conséquence,valeur,base,arrêté,règle,dépasser,vie,contredire,nan,envie,inamovible,concept,théorie,nan,mathématiques,moral,nan,concis,effet,exception,vie,mathématiques,logique,mathématiques,fondamental,nan
sens,direction,cinq,direction,droit,direction,vers,toucher,direction,sens,ouïe,non,sensation,inverse,sentiment,odorat,orientation,odeur,goût,direction,direction,direction,interprétation,sensualité,vie,direction,toucher,ouïe,direction,cinq,direction,odorat,ouïe,clair,direction,odorat,vie,sens,nihilisme,raison,odorat,odorat,direction,vue,odorat,odorat,vecteur,ressentir,direction,signification,route,signification,odorat,utilité,toucher,direction,olfactif,signification,direction,vision,critique,direction,ville,goût,circulation,direction,envers,vie
sens,nan,musique,chemin,nan,commun,rond-point,vibration,nan,être,trouble,aucun,nan,cinq,sixième,interdit,éveil,veille,décision,vie,dictionnaire,vie,parallèle,superposition,perception,signification,cerveau,interdit,renifle,GPS,trigonométrie,idiot,vie,croyance,explication,position,vie,avis,gauche,accord,cinq,partout,organoleptique,gout,direction,voie,plan,karma,ambiguë,aventurier,cinq,signification,sixième,lucidité,sixième,vecteur,cinq,goût,nan,haut,direction,toucher,aveugle,flèche,position,vie,important,objectif
habitude,ennuyant,calme,mauvaise,ménage,routine,douche,rituel,habitus,habitude,routine,quotidien,manie,manière,nan,rituel,trop,routine,souvent,loisir,usuel,tradition,nan,déjeuner,toujours,routine,lent,courant,souvent,quotidien,routine,routine,sortir,usuel,coutumes,routine,monotone,habitude,oubli,structure,us,routine,routine,dormir,quotidien,routine,routine,manger,journée,mauvaise,répétition,routine,routine,confort,quotidien,maison,routine,routine,vie,hobby,usure,mauvaise,faire,faire,plaisir,nan,sortir,coutume
habitude,bousculer,habitus,nan,respirer,mauvaise,courir,mensonge,habiter,habituel,lassitude,encore,réalité,procédé,monotonie,matinale, ,chanson,constance,régularité,vieux,religion,rituel,cigarette,nan,routine,répétition,banal,danger,chanson,manger,extraordinaire,nan,ennuyant,nan,répétitif,confinement,répétition,pare,jour,nan,us,changement,nan,maison,enfermé,dent,chocolat,matin,changement,mauvaise,routine,dépression,travers,bonheur,entrainement,confort,caractère,vieux,las,usure,quotidien,quotidien,immuable,récurrence,routine,changer,parler
passion,destruction,fruit,sport,aimer,nan,fruit,sport,amour,passion,fruit,amour,goût,amour,sentiment,désir,amour,amour,amour,désir,fruit,travail,fruit,fruit,amour,hobby,loisir,fruit,amour,flamme,feu,amour,amour,amour,fruit,sentiment,amour,passion,fièvre,instinct,désir,amour,sentiment,manger,coeur,amour,amour,amour,désir,flamme,amour,métier,fruit,vie,fruit,hobby,amour,hobby,hobby,fruit,fruit,amour,désir,art,envie,amour,raison,flamme
passion,désir,vie,animer,nan,fruit,nan,folie,adultère,loisirs,brève,sexe,ambition,fruit,coeur,envie,fruit, ,volonté,fruit,désir,vie,animer,île,figurine,errer,christ,ardeur,fruit,fruit,secret,fruit,excès,art,brûler,fruit,folie,envie,énergie,ardeur,amant,saut,religion,nan,nan,raison,fruit,beauté,nan,mépris,fruit,rouge,île,fruit,nan,cinéma,dépendance,aimer,fruit,aliénation,fruit,mari,investissement,fruit,ex,fruit,sacrifice,éphémère
désir,sexe,sexuel,amour,vouloir,envie,plaisir,sexuel,amour,désir,frustration,envie,envie,passion,amour,passion,amour,fantasme,amour,envie,amour,envie,envie,sexe,sexe,envie,joie,envie,volonté,plaisir,amour,sexualité,amour,envie,envie,envie,libido,désir,esclave,bestialité,envie,envie,envie,plaisir,envie,flamme,amour,envie,volonté,libido,passion,plaisir,sensualité,sexe,passion,volonté,sexe,envie,envie,volonté,faim,faim,envie,amour,envie,volonté,flamme,envie
désir,espace,absence,amour,preuve,passion,manger,faim,nan,vouloir,soudain,pulsion,rêverie,amour,souffle,intérieur,interaction,violence,jalousie, ,passion,souffrance,passion,modèle,nourriture,restriction,humain,souhait,chocolat,frisson,envie,feu,besoin,jalousie,soif,chocolat,vie,envie,propagande,attirance,passion,coeur,noir,nan,lit,volonté,nan,pulsion,sport,violence,sexe,plaisir,philosophie,envie,ordre,intense,envie,caché,argent,sexe,réalité,nan,amour,chanteur,rêve,noir,éphémère,amour
larme,tristesse,joue,couler,pleurs,oeil,sel,pleurs,oeil,larme,eau,crocodile,tristesse,mouchoir,pleurs,oeil,yeux,pleurs,joue,pleurs,pleur,pleurs,pleurs,pleur,eau,pleurer,tristesse,salée,goutte,pleurer,triste,pleurer,pleurer,triste,tristesse,tristesse,joie,larme,oeil,réaction,pleurer,pleurs,triste,pleurer,eau,oeil,triste,pleurer,pleurs,émotion,tristesse,pleurs,oeil,pleurs,émotion,pluie,pleurer,pleurs,tristesse,pleurer,oeil,deuil,pleurer,triste,oeil,pleurs,couler,pleurer
larme,phoenix,nan,émotion,joie,goutte,risque,joie,crime,tristesse,crocodile,sel,émotion,mouchoir,mélancolie,joie,sourire,lac,lacrymogène,potion,tristesse,bonheur,lac,chagrin,sel,eau,déception,sel,joie,guerre,guérison,sang,tristesse,joie,sang,rire,tsunami,pleurs,rire,choc,tristesse,crocodile,oenologie,salé,oignon,sel,pluie,émotion,joie,cancer,salé,tristesse,sel,tragédie,sel,canal,désespoir,peu,goutte,sel,eau,crocodile,tristesse,salé,tristesse,sel,salé,émotion
vache,tâche,champs,tâche,pré,pis,salon,lait,lait,vache,animal,lait,ferme,veau,veau,lait,veau,normande,lait,chèvre,veau,agriculture,animal,lait,lait,agriculture,lait,animal,milka,lait,lait,campagne,animal,lait,lait,animal,prairie,vache,lait,ruralité,ferme,lait,lait,mouton,lait,lait,corne,prairie,animal,veau,lait,campagne,lait,lait,animal,animal,lait,animal,ferme,cloche,lait,lait,viande,animal,lait,lait,lait,lait
vache,peau,police,nan,ruminant,ferme,soja,jouet,lait,laitière,yeux,salaud,chocolat,lait,campagne,méchant,mouton,insulte,brouter,élevage,tâche,lait,sacrée,exploitation,chocolat,veau,insulte,lait,village,fromage,hublot,lapin,fromage,tapis,méchanceté,bruit,massive,animal,pie,nan,lait,ferme,ferme,herbe,train,tâche,nan,cloche,boeuf,chocolat,grosse,tache,cuir,grosse,chocolat,diduction,domestication,lait,pie,fumier,lait,fromage,culture,estomac,viande,méchant,rumen,fromage
début,fin,fin,fin,fin,fin,commencement,fin,fin,début,fin,fin,fin,fin,fin,fin,fin,fin,fin,fin,fin,naissance,fin,fin,fin,commencement,fin,fin,rencontre,commencement,fin,fin,commencer,fin,fin,fin,prémices,début,fin,démarrage,fin,commencement,fin,fin,fin,fin,fin,fin,fin,fin,fin,fin,fin,commencement,histoire,fin,fin,fin,fin,fin,fin,fin,fin,fin,fin,fin,fin,fin
début,conte,vision,or,milieu,matin,nan,histoire,nan,fin,naissance,retour,naissance,commencement,prologue,inconnu,éden,suite, ,big-bang,relation,naissance,genèse,film,tout,introduction,naissance,commencement,un,fin,bas,nan,histoire,monde,fin,nan,heureux,fin,cycle,temps,commencement,création,nan,commencer,ligne,renouveau,naissance,naïveté,milieu,générique,éclosion,commencement,histoire,pas,couverture,incipit,création,commencement,naissance,naissance,fin,histoire,initiative,nan,genèse,création,commencement,histoire
pierre,grand-père,feuille,feuille,feu,caillou,ciseaux,rocher,caillou,pierre,prénom,ami,feuille,feuille,caillou,feuille,mousse,rocher,mousse,caillou,roc,précieux,feuille,tombe,gris,prénom,ciseaux,galet,caillou,gris,golem,caillou,précieux,caillou,caillou,ricochet,granit,pierre,rouler,nature,caillou,caillou,caillou,dur,feuille,roche,caillou,granit,roche,mousse,dur,feuille,caillou,maison,ciseaux,ciseaux,feuille,rocher,feuille,feu,rose,mousse,feuille,mur,argile,montagne,anguleux,dur
pierre,résurrection,feuille,rocher,quartz,mousse,angle,bijou,jean,feuille,molle,mythe,nature,rigide,église,tombeau,ciseaux,feu,matériau,érosion,montagne,prénom,roule,vestige,église,prénom,ancêtre,mousse,feuille,feuille,récréation,préhistoire,rare,plante,lance,roche,grotte,objet,oiseau,arme,nan,coups,feuille,prénom,mousse,coup,chanteur,terre,parement,rebond,suret,caillou,bijou,caillou,bague,sol,nan,construction,nan,sculpteur,rose,ciseaux,bâtiment,prénom,lourd,minéral,mousse,joyau
visage,cou,froid,personne,bouche,nez,yeux,sourire,yeux,visage,sourire,beauté,identité,tête,yeux,yeux,yeux,traits,dent,nez,face,sourire,oeil,femme,oeil,tête,bouche,nan,tête,tête,sourire,oeil,oeil,face,tête,oeil,doux,visage,nan,identité,face,nan,face,oeil,oeil,oeil,sourire,être,sourire,ovale,tête,masque,face,identité,nez,expression,face,tête,oeil,tête,face,peau,identité,face,oeil,tête,larme,tête
visage,picasso,sans,identité,haut,humain,onde,reflet,nan,yeux,ingrat,chirurgie,expression,masque,humain,identification,tête,caractère,portrait,masque,masque,sourire,âme,nan,beauté,émotion,reconnaissance,beauté,face,masque,reste,miroir,expression,lifting,miroir,émotion,joli,beauté,postillon,autre,beauté,communication,masque,expression,masque,identité,reconnaissance,tableau,reflet,jugement,beauté,identité,honte,trait,harmonie,prognathe,singularité,masque,portrait,vérité,glace,ange,identité,mannequin,vision,symétrie,face,caché
arbre,fruit,vie,forêt,buisson,feuille,fruit,feuille,feuille,arbre,peuplier,dehors,feuille,tronc,feuille,fruit,forêt,feuille,fruit,vert,forêt,plante,feuille,feuille,feuille,forêt,tronc,écorce,tronc,vert,feuille,chêne,forêt,chêne,forêt,nature,tronc,arbre,feuille,expérience,feuille,buisson,nature,verdure,feuille,vie,feuille,foret,végétation,branche,feuille,feuille,feuille,forêt,feuille,plante,vert,forêt,feuille,buisson,bois,feuille,feuille,feuille,végétal,planter,feuille,feuille
arbre,cogneur,généalogique,sève,verdure,généalogique,papier,cabane,nan,fruitier,oxygène,racine,symbole,verdure,vie,sève,incendie,nid,air,respiration,vie,oxygène,vie,écureuil,campagne,photosynthèse,racine,branche,feuille,éléphant,incendie,feuille,oxygène,marqueterie,ciel,oxygène,environnement,lieu,trans,ancienneté,feuille,généalogie,phloème,papier,oxygène,fondation,nan,charpente,marron,serpent,généalogique,nature,érable,ombre,automne,stomate,vie,tronc,tronçonneuse,stabilité,forêt,roseau,ozone,nan,végétation,papier,racine,robuste
position,confort,létale,emplacement,assis,lieu,assis,assis,point,position,assis,assis,nan,lieu,endroit,coucher,droite,corps,mal,lieu,place,espace,cible,debout,nan,endroit,latérale,hiérarchie,emplacement,assise,allongé,GPS,assise,droit,géographique,debout,latéral,position,debout,lieu,dos,lieu,place,assis,latérale,place,emplacement,lieu,droit,sociale,arrangement,assis,course,rôle,direction,posture,sexuelle,sexe,opinion,ici,pole,boussole,sexe,debout,direction,placement,vertical,assis
position,boussole,classement,localisation,verticale,gps,singulier,nan,nan,bien,nan,levrette,figé,partage,hiérarchie,hiérarchie,assis,opinion,décision,carte,emplacement,univers,avis,carte,sexe,parti,hiérarchie,pouvoir,classement,haute,risque,yoga,nan,nan,avis,lit,latérale,lieu,nan,habité,posture,affirmation,local,sexuelle,pole,appartenance,carte,point,hiérarchie,lombalgie,sociale,apparence,nan,corps,envers,tripode,conviction,sexe,nan,sexe,droite,cheval,rotation,localisation,vis,pôle,allongé,allongée
avis,important,demande,opinion,mère,donner,contre,opinion,point,avis,opinion,opposition,opinion,voiture,opinion,décision,positif,opinion,réponse,opinion,opinion,opinion,conseil,réaction,idée,opinion,opinion,opinion,réponse,positif,opinion,opinion,opinion,opinion,opinion,opinion,opinion,avis,opinion,opinion,opinion,question,questionnaire,positif,étoile,opinion,nan,opinion,conseil,pensée,subjectif,opinion,idée,humilité,critique,question,décision,importance,opinion,impôt,publicité,opinion,voiture,voiture,entreprise,opinion,mémoire,opinion
avis,nan,mensonge,conviction,culture,opinion,oiseau,tranché,nan,réponse,bavard,prétention,automobile,idée,discutable,réponse,passage,intérêt,position,tranché,débat,caractère,idée,location,opinion,propre,voter,critique,note,internet,droite,contre,expression,voiture,nan,formulaire,proposition,réponse,croyance,doute,opinion,pluralisme,voiture,nan,commentaire,jugement,recherche,avisé,note,taire,con,entente,voiture,regard,chiant,politique,pensée,voiture,impôt,expertise,commentaire,subjectif,réflexion,voiture,demande,étude,commentaire,tripadvisor
