cues,p_1,p_2,p_3,p_4,p_5,p_6,p_7,p_8,p_9,p_10,p_11,p_12
machine,planche,planche,turbine,canette,buse,planche,pédale,turbine,turbine,canette,buse,turbine
machine,lame,pince,cuve,fiole,bonde,béquille,manivelle,crépine,pompe,baguette,crépine,turbine
rapport,bilan,comparé,bilan,biais,comparé,baromètre,trimestre,baromètre,trimestre,biais,baromètre,comparé
rapport,repérage,mesuré,dividende,hasard,lié,baromètre,calendrier,classement,novembre,défaut,communiqué,inférieur
genre,snobisme,sujet,sensationnalisme,sujet,voyeurisme,sujet,snobisme,sujet,voyeurisme,sensationnalisme,type,sensationnalisme
genre,fanatisme,mot-clé,chauvinisme,thème,masochisme,paradigme,relativisme,tsunami,nombrilisme,pessimisme,marasme,narcissisme
jardin,cabanon,potager,patio,verger,verger,balcon,verger,balcon,verger,cabanon,verger,cabanon
jardin,hameau,cabanon,cabanon,péristyle,prieuré,balcon,jardinet,pergola,pigeonnier,loggia,solarium,bungalow
rayon,périmètre,bocal,magasin,périmètre,hypermarché,hypermarché,magasin,hypermarché,bocal,bocal,périmètre,magasin
rayon,département,cul-de-poule,caviste,champ,carrefour,rôtisseur,bistro,établissement,gobelet,sachet,contexte,commerçant
colline,corniche,citadelle,citadelle,butte,citadelle,falaise,rivière,butte,falaise,corniche,corniche,rivière
colline,digue,grotte,chapelle,crique,forêt,crique,rivière,ruelle,lagune,crique,lagune,crique
chien,chat,toutou,chiot,labrador,labrador,chiot,toutou,chat,toutou,toutou,chaton,toutou
chien,chihuahua,lapin,chihuahua,chaton,teckel,labrador,dalmatien,matou,toutou,teckel,perroquet,matou
peau,épiderme,épiderme,texture,épiderme,épiderme,texture,texture,pigmentation,texture,chevelure,chevelure,pigmentation
peau,cutané,côlon,candidose,brillance,cicatrisation,saveur,tignasse,jambe,limpidité,brillance,musculature,décoloration
mur,parapet,rebord,parapet,rebord,parapet,parapet,sol,sol,sol,parapet,parapet,rebord
mur,poteau,rebord,faîtage,trottoir,pont-levis,placoplâtre,linteau,porche,carrelage,talus,toit,linteau
science,cosmologie,cosmologie,philosophie,cosmologie,philosophie,psychologie,philosophie,philosophie,cosmologie,psychologie,sociologie,neuroscience
science,croyance,scolastique,gnose,théologie,scolastique,épistémologie,religion,phénoménologie,rationalité,parasitologie,philologie,psychophysiologie
enfant,tout-petit,bébé,adolescent,tout-petit,adolescent,ado,ado,bébé,ado,tout-petit,adolescent,bambin
enfant,tout-petit,bambin,matou,chaton,adulte,ado,tout-petit,toutou,chaton,chiot,toutou,bambin
lune,lunaire,lunaire,constellation,comète,lunaire,constellation,planète,comète,planète,constellation,lunaire,terre
lune,vénus,astéroïde,catapulte,comète,extragalactique,malédiction,steppe,caverne,météorite,vénus,interplanétaire,toundra
cause,péril,péril,évidence,évidence,péril,conséquence,évidence,proie,raison,conséquence,proie,péril
cause,défens,nullité,scène,déroute,rancart,caducité,scène,colère,contrepartie,sanction,colère,oeuvre
table,console,commode,planchette,planchette,planchette,planchette,console,planchette,chaise,commode,console,console
table,commode,banquette,paroi,porte-fenêtre,jardinière,jardinière,armoire,rocaille,balancelle,verrière,manette,plate-bande
toit,rebord,capot,auvent,plancher,auvent,auvent,plancher,auvent,porche,rebord,porche,capot
toit,lambris,garde-boue,parapet,soubassement,cabanon,lambris,sol,coffrage,soubassement,moyeu,terre-plein,soufflet
jeunesse,enfance,renaissance,culture,renaissance,renaissance,enfance,culture,culture,littérature,renaissance,culture,littérature
jeunesse,allégresse,dialectique,monarchie,littérature,bourgeoisie,anthropologie,francophonie,tradition,épistémologie,limpidité,vulgate,mythologie
nord,sud,nord-ouest,nord-est,nord-ouest,nord-ouest,sud-est,nord-est,nord-est,sud-est,sud-ouest,nord-ouest,nord-ouest
nord,ouest,atlantique,atlantique,atlantique,golfe,nord-ouest,atlantique,atlantique,atlantique,ouest,ouest,atlantique
direction,supervision,délégation,coordination,directeur,supervision,présidence,délégation,directeur,directeur,présidence,présidence,supervision
direction,modernisation,complémentarité,négociation,adjoint,reconfiguration,patronage,commission,délégué,vice-président,houlette,fédération,responsabilité
mer,lagune,montagne,montagne,lagune,lagune,lagune,rivière,montagne,rade,rivière,lagune,rade
mer,crique,colline,grotte,plage,rivière,presqu'île,vallée,butte,colline,forêt,rivière,plaine
objet,acte,acte,inventaire,inventaire,apologie,acte,élément,élément,apologie,acte,apologie,inventaire
objet,organe,acheteur,enregistrement,encaissement,imbécillité,argumentaire,outil,outil,entêtement,enjeu,infantilisme,achat
appel,écho,objet,grief,objet,grief,écho,unanimité,grief,grief,unanimité,unanimité,unanimité
appel,apparition,aveu,écho,exception,grief,unanimité,irruption,désistement,grief,héroïsme,irruption,idéalisation
lutte,prévention,lutter,corruption,répression,mobilisation,mobilisation,répression,corruption,corruption,répression,répression,prévention
lutte,prostitution,enrayer,criminalité,révolte,manifestation,rébellion,cruauté,corruption,radicalisation,grossièreté,protestation,délinquance
mari,beau-frère,fiancé,ex-mari,père,beau-père,ex-mari,beau-père,ex-mari,ex-mari,ex-mari,beau-frère,beau-frère
mari,ex-mari,ex-femme,beau-fils,beau-père,beau-père,beau-père,aïeul,ex-épouse,beau-fils,petit-fils,grand-père,beau-père
vin,rosé,vins,vins,vins,saké,vins,vins,saké,vins,whisky,saké,champagne
vin,rosé,champagne,gamay,vins,saké,riesling,sémillon,gin,gin,saké,vermouth,gin
rôle,contexte,leadership,comportement,personnage,acteur,comportement,acteur,leadership,contexte,leadership,comportement,personnage
rôle,secteur,dévouement,sommeil,bagout,psychopathe,réductionnisme,élément,professionnalisme,positionnement,totalitarisme,poète,narrateur
horizon,hexagone,automne,hexagone,automne,automne,avenir,orée,avenir,automne,avenir,hexagone,hexagone
horizon,entremêlement,extase,univers,alcazar,arquebuse,amateurisme,amaryllis,interventionnisme,ennui,environnement,estuaire,allègement
jambe,hanche,cuisse,clavicule,clavicule,clavicule,hanche,nuque,nuque,clavicule,clavicule,nuque,fesse
jambe,nuque,cuisse,clavicule,mâchoire,mandibule,nuque,gencive,clavicule,mandibule,nuque,poitrine,clavicule
page,pagination,section,brochure,diapositive,pagination,brochure,rubrique,diapositive,pagination,section,brochure,section
page,version,bibliographie,plaquette,syllabe,configuration,typologie,brochure,phrase,pagination,thématique,charte,sélection
fil,ruban,câble,gré,discontinuer,câble,cordon,discontinuer,cordon,gré,câble,gré,discontinuer
fil,faisceau,microphone,sein,ménagement,connecteur,crochet,sourciller,connecteur,quotidien,cordon,profit,broncher
soeur,mère,mère,mère,fille,fille,belle-fille,mère,nièce,belle-fille,nièce,fille,fille
soeur,tante,mère,grand-mère,mère,mère,grand-mère,mamie,petite-fille,tante,grand-mère,mère,grand-mère
preuve,conviction,conviction,démonstration,présomption,présomption,présomption,conviction,rigueur,rigueur,présomption,rigueur,présomption
preuve,candeur,bienveillance,daube,dénonciation,condamnation,fausseté,gratitude,persévérance,sincérité,sottise,combativité,matérialité
morceau,bâtonnet,album,refrain,clip,fragment,album,fragment,bâtonnet,fragment,bâtonnet,refrain,album
morceau,muffin,refrain,saxophoniste,long-métrage,squelette,thriller,romancier,faitout,spécimen,fait-tout,hit,opus
gauche,colonne,cuisse,cuisse,cuisse,flèche,colonne,flèche,colonne,cuisse,cuisse,cuisse,colonne
gauche,nuque,poitrine,hanche,gencive,patte,cuisse,clavicule,fontanelle,cheville,clavicule,jambe,glène
doigt,nez,orteil,poignet,téton,orteil,nez,téton,gland,poignet,poignet,gland,orteil
doigt,crâne,rachis,pubis,pubis,museau,pubis,cou,scrotum,gland,coccyx,téton,prépuce
garçon,fille,ado,gamin,ado,fille,garçonnet,bébé,gamin,ado,bébé,gamin,bébé
garçon,grand-mère,mec,cuistre,adolescent,tante,enfant,bambin,copain,ado,chat,loulou,chiot
façon,démarche,démarche,méthode,volonté,pensée,démarche,démarche,volonté,méthode,volonté,démarche,méthode
façon,spécificité,méthode,mentalité,passivité,doctrine,problématique,vision,malhonnêteté,réalisation,démarche,problématique,solution
chambre,mezzanine,salle,mezzanine,salle,chambrette,salle,salle,chambrette,chambrette,maison,maison,maison
chambre,kitchenette,cloison,mezzanine,véranda,bicoque,buanderie,fermette,yourte,bergerie,maison,bâtisse,maisonnette
question,revendication,notion,interrogation,préoccupation,notion,revendication,préoccupation,notion,revendication,revendication,revendication,notion
question,rivalité,prégnance,interprétation,notion,rhétorique,protestation,toute-puissance,doctrine,contestation,défiance,condamnation,rhétorique
acte,argument,argument,aveu,aveu,acquiescement,acquiescement,argument,argument,interrogatoire,argument,aveu,interrogatoire
acte,critère,adage,aveuglement,irrecevabilité,anarchisme,abrogation,élément,aphorisme,exclusion,argumentaire,acceptation,aveu
rose,pourpre,mauve,mauve,violet,violet,violet,turquoise,pourpre,fuchsia,fuchsia,mauve,violet
rose,jaune-vert,corail,beige,kaki,kaki,fuchsia,turquoise,pourpre,fuchsia,kaki,corail,noir
oncle,grand-père,beau-père,cousin,petit-fils,cousin,beau-père,grand-père,cousin,beau-frère,beau-frère,beau-frère,beau-père
oncle,cousin,ex-mari,demi-frère,père,demi-frère,mari,beau-père,petit-fils,beau-frère,petit-fils,grand-père,beau-père
herbe,ortie,argile,ortie,ombre,ombre,ortie,écorce,ombre,argile,asperge,argile,ortie
herbe,aloès,oseille,hibiscus,estragon,ombre,échalote,aubergine,écorce,asperge,asperge,églantier,églantier
faim,peur,famine,famine,famine,famine,famine,peur,famine,peur,famine,fringale,fringale
faim,malhonnêteté,perversité,schizophrénie,paranoïa,famine,gonorrhée,générosité,morbidité,naïveté,méningite,migraine,somnolence
école,aumônerie,académie,aumônerie,aumônerie,académie,université,académie,académie,aumônerie,académie,aumônerie,éducation
école,abside,union,externat,étudiant,université,enseignement,université,annonciation,assomption,éducation,association,éducation
lit,drap,sofa,sommier,chevet,drap,drap,canapé-lit,canapé-lit,canapé-lit,drap,drap,chevet
lit,édredon,guéridon,canapé,chevet,traversin,traversin,parasol,repose-pied,tabouret,oreiller,oreiller,chevet
masse,proportion,fragmentation,fraction,fraction,proportion,proportion,quantité,proportion,fragmentation,fraction,fraction,densité
masse,cassure,variabilité,surface,cavité,dureté,concentration,fraction,tasse,dislocation,concentration,lipase,dispersion
flamme,mèche,lumière,bougie,lumière,bougie,bougie,étincelle,mèche,bougie,lueur,lueur,étincelle
flamme,crinière,boule,mèche,explosion,guirlande,tempête,bourrasque,larmichette,veilleuse,bourrasque,guirlande,bougie
lèvre,vulve,vulve,vulve,pommette,vulve,mâchoire,cicatrice,cicatrice,pommette,vulve,mâchoire,cicatrice
lèvre,plèvre,hanche,cicatrice,tuméfaction,hanche,clavicule,hanche,caroncule,mandibule,gencive,hanche,fesse
passage,saut,retour,déplacement,glissement,saut,saut,retour,saut,saut,basculement,basculement,glissement
passage,déplacement,périple,activation,rétrécissement,glissement,tsunami,lancement,saut,plongeon,renversement,renversement,ictère
principe,mécanisme,formalisme,mécanisme,raisonnement,mécanisme,dogme,raisonnement,raisonnement,formalisme,raisonnement,mécanisme,postulat
principe,raisonnement,matérialisme,mécanisme,déterminisme,totalitarisme,nihilisme,scientisme,déterminisme,scientisme,matérialisme,modèle,nihilisme
sens,sentiment,raisonnement,sentiment,raisonnement,raisonnement,goût,courage,sentiment,goût,courage,pragmatisme,sentiment
sens,scepticisme,comportement,mépris,relativisme,comportement,dandysme,défaitisme,pessimisme,goût,scepticisme,scepticisme,dégoût
habitude,impression,intention,occasion,occasion,intention,impression,idée,occasion,intention,impression,intention,idée
habitude,exigence,idée,occasion,opportunité,injonction,ambition,obligation,occasion,initiative,impression,idée,volonté
passion,curiosité,gourmandise,curiosité,gourmandise,fierté,gourmandise,fascination,gourmandise,fierté,fierté,gourmandise,fougue
passion,spontanéité,tendresse,sincérité,suavité,compassion,bonté,naïveté,nonchalance,sympathie,spontanéité,tendresse,délicatesse
désir,dégoût,narcissisme,dégoût,fantasme,narcissisme,sentiment,ressentiment,dégoût,dégoût,fantasme,dégoût,sentiment
désir,sectarisme,sectarisme,dogmatisme,cynisme,découragement,dédain,fanatisme,scepticisme,fanatisme,moralisme,pessimisme,fatalisme
larme,goutte,goutte,goutte,goutte,goutte,frayeur,étincelle,larmichette,étincelle,gifle,goutte,goutte
larme,bouteille,cuillerée,flaque,cuiller,tasse,stupidité,secousse,moue,lueur,gifle,bouteille,carafe
vache,bouse,truie,génisse,génisse,chèvre,bouse,brebis,bouse,bouse,brebis,chèvre,chèvre
vache,hyène,truie,mamelle,jument,chevrette,pétasse,lard,catin,merde,mamelle,boeuf,sanglier
début,lancement,commencement,lancement,mi-juillet,lancement,mi-septembre,mi-septembre,mi-septembre,commencement,mi-juillet,mi-juillet,fin
début,couronnement,lendemain,déclenchement,mi-juillet,retour,mi-octobre,mi-août,mi-août,créance,mi-mars,mi-janvier,mi-juillet
pierre,roche,claude,hyacinthe,joseph,jacques,roche,hyacinthe,roche,joseph,joseph,jacques,roche
pierre,forteresse,xavier,maxime,marc,jacques,rhyolite,augustin,fontaine,claude,marcel,sylvain,cendre
visage,crâne,ventre,crâne,crâne,pubis,crâne,crâne,torse,corps,pubis,torse,ventre
visage,museau,sternum,scrotum,thorax,téton,museau,coccyx,thorax,museau,gland,thorax,gland
arbre,écureuil,anneau,oiseau,avocatier,avocatier,écureuil,oiseau,avocatier,anneau,oiseau,arbuste,oiseau
arbre,oiseau,ours,âne,citronnier,troène,âne,éléphanteau,hibiscus,mandarinier,ours,amandier,oursin
position,tête,posture,trajectoire,trajectoire,trajectoire,tête,posture,posture,situation,tête,situation,situation
position,cicatrice,mentalité,bifurcation,caste,démarche,mâchoire,silhouette,distension,mentalité,mâchoire,démarche,croyance
avis,commentaire,témoignage,témoignage,commentaire,opinion,opinion,article,témoignage,amendement,opinion,témoignage,article
avis,aphorisme,bréviaire,récit,message,imbécillité,interrogation,argument,discours,texte,raisonnement,récit,archaïsme
